"","id","abortion","pid","linc","female","college","mar","trump"
"1",1,0,5,NA,0,0,0,1
"2",2,0,2,10.3889799835841,1,0,0,1
"3",3,0,4,11.982929094216,0,1,1,1
"4",4,1,2,12.2060726455302,1,1,1,NA
"5",5,0,6,12.2060726455302,0,1,0,1
"6",6,1,2,NA,1,1,0,0
"7",7,0,0,9.83892236437633,1,0,0,0
"8",8,0,5,10.9150793732642,0,0,0,1
"9",9,0,3,8.61241245799717,1,0,0,NA
"10",10,0,1,11.5129204649577,0,0,1,1
"11",11,1,6,11.982929094216,0,1,0,1
"12",12,0,1,9.96408864466398,1,0,0,0
"13",13,0,1,10.0753167566096,1,0,0,NA
"14",14,0,0,11.6952428550888,0,1,1,NA
"15",15,1,4,7.60065242828687,1,0,0,NA
"16",16,1,3,11.1198754694258,1,0,0,NA
"17",17,1,2,11.5129204649577,1,1,1,0
"18",18,0,3,NA,1,1,1,NA
"19",19,1,1,11.3205475116983,1,1,0,0
"20",20,0,4,NA,0,1,0,1
"21",21,0,5,11.6952428550888,1,0,1,NA
"22",22,NA,5,NA,1,0,0,1
"23",23,1,2,11.5129204649577,1,0,1,0
"24",24,1,0,11.1198754694258,0,0,0,0
"25",25,0,5,11.3205475116983,1,1,1,1
"26",26,0,5,10.3889799835841,0,0,0,NA
"27",27,1,1,10.5320828785363,1,0,0,1
"28",28,-1,1,9.32807896220044,1,0,0,0
"29",29,-1,6,10.9150793732642,1,0,0,NA
"30",30,0,4,11.6952428550888,0,0,0,NA
"31",31,0,4,NA,1,0,1,1
"32",32,1,6,10.3889799835841,0,0,1,NA
"33",33,1,3,NA,1,1,1,0
"34",34,1,1,11.6952428550888,1,1,0,0
"35",35,0,2,NA,1,0,0,0
"36",36,1,6,11.8493941301565,0,1,1,1
"37",37,1,0,11.5129204649577,1,1,0,0
"38",38,1,0,10.7144066575796,0,1,0,0
"39",39,0,4,11.1198754694258,0,1,1,NA
"40",40,1,NA,NA,1,0,NA,NA
"41",41,1,0,9.52875773879718,1,0,0,0
"42",42,1,1,10.5320828785363,0,0,0,NA
"43",43,1,0,10.7144066575796,1,0,0,0
"44",44,1,0,NA,0,1,1,0
"45",45,1,2,11.3205475116983,1,1,0,0
"46",46,0,1,10.3889799835841,1,0,0,0
"47",47,1,1,11.6952428550888,0,1,1,NA
"48",48,0,1,12.2060726455302,1,1,1,0
"49",49,1,5,11.6952428550888,0,1,0,1
"50",50,1,2,11.5129204649577,1,1,0,0
"51",51,1,3,NA,0,0,0,NA
"52",52,0,1,10.2219231016712,1,0,0,0
"53",53,1,3,11.3205475116983,1,1,0,NA
"54",54,0,3,10.9150793732642,1,1,1,NA
"55",55,1,3,12.2060726455302,0,1,1,1
"56",56,1,5,11.8493941301565,0,1,0,1
"57",57,1,3,11.6952428550888,1,1,1,0
"58",58,1,2,9.10492429921953,1,0,0,NA
"59",59,NA,1,11.1198754694258,0,0,0,NA
"60",60,0,1,8.92259163063542,1,0,0,NA
"61",61,-1,0,8.61241245799717,1,0,1,NA
"62",62,1,0,10.5320828785363,1,0,1,0
"63",63,0,0,10.9150793732642,1,1,0,0
"64",64,1,0,10.5320828785363,1,0,0,0
"65",65,0,4,NA,0,0,0,NA
"66",66,0,2,9.96408864466398,0,1,0,0
"67",67,0,1,11.5129204649577,0,0,1,NA
"68",68,0,0,11.982929094216,1,0,0,0
"69",69,0,0,11.8493941301565,1,1,0,0
"70",70,0,1,9.69581741805373,1,1,1,NA
"71",71,1,0,9.10492429921953,0,0,0,0
"72",72,0,0,11.8493941301565,0,0,1,NA
"73",73,1,3,11.1198754694258,1,1,1,NA
"74",74,1,1,12.2060726455302,1,1,1,0
"75",75,0,NA,11.5129204649577,0,0,0,NA
"76",76,1,3,12.2060726455302,1,0,0,0
"77",77,1,3,12.2060726455302,1,1,1,NA
"78",78,0,3,11.1198754694258,1,0,0,NA
"79",79,1,3,NA,1,0,1,NA
"80",80,0,NA,NA,1,0,1,NA
"81",81,1,2,11.5129204649577,1,1,1,0
"82",82,NA,1,11.8493941301565,1,0,1,0
"83",83,0,1,10.9150793732642,1,0,0,NA
"84",84,1,1,11.1198754694258,1,0,1,0
"85",85,1,5,10.7144066575796,0,0,0,0
"86",86,0,1,10.9150793732642,0,1,0,0
"87",87,-1,0,10.5320828785363,1,0,0,0
"88",88,1,0,12.2060726455302,0,0,1,0
"89",89,1,0,11.5129204649577,0,1,1,0
"90",90,1,1,9.10492429921953,0,1,0,NA
"91",91,1,2,11.5129204649577,0,1,0,0
"92",92,1,0,11.6952428550888,1,1,1,0
"93",93,0,3,NA,0,1,0,NA
"94",94,0,2,NA,1,0,0,NA
"95",95,1,2,11.5129204649577,1,1,0,0
"96",96,1,1,NA,0,0,0,NA
"97",97,1,0,11.5129204649577,1,0,1,0
"98",98,-1,0,11.8493941301565,0,1,0,0
"99",99,0,1,NA,1,0,1,0
"100",100,0,4,9.10492429921953,1,0,0,NA
"101",101,1,4,10.9150793732642,0,0,0,1
"102",102,0,1,7.60065242828687,1,0,0,NA
"103",103,1,2,12.2060726455302,0,1,1,0
"104",104,-1,4,11.5129204649577,1,0,1,1
"105",105,1,0,11.1198754694258,0,1,0,0
"106",106,0,4,11.5129204649577,0,0,0,1
"107",107,0,5,11.982929094216,0,0,0,1
"108",108,1,3,NA,1,0,0,NA
"109",109,0,3,NA,1,1,1,NA
"110",110,1,3,11.982929094216,1,0,1,0
"111",111,1,0,11.5129204649577,1,0,0,0
"112",112,1,1,11.982929094216,1,0,1,NA
"113",113,1,0,11.5129204649577,0,0,0,NA
"114",114,1,1,9.32807896220044,1,0,0,0
"115",115,1,1,12.2060726455302,0,1,1,0
"116",116,1,NA,12.2060726455302,0,1,1,1
"117",117,1,1,11.3205475116983,0,0,1,0
"118",118,1,3,10.9150793732642,1,0,1,0
"119",119,0,5,11.1198754694258,1,0,1,NA
"120",120,1,4,10.7144066575796,0,0,0,1
"121",121,0,4,11.5129204649577,1,0,1,NA
"122",122,1,3,11.3205475116983,1,0,1,NA
"123",123,NA,0,11.1198754694258,1,1,0,0
"124",124,1,2,11.3205475116983,1,1,1,0
"125",125,1,0,10.3889799835841,0,1,0,0
"126",126,1,1,11.5129204649577,0,1,0,0
"127",127,1,6,11.3205475116983,1,1,1,1
"128",128,1,1,6.21460809842219,1,1,0,NA
"129",129,0,1,11.8493941301565,0,1,1,0
"130",130,1,0,11.982929094216,1,1,0,0
"131",131,-1,3,NA,1,0,1,NA
"132",132,1,1,10.5320828785363,1,1,1,NA
"133",133,1,0,12.2060726455302,0,1,1,0
"134",134,1,0,12.2060726455302,0,0,1,0
"135",135,1,0,12.2060726455302,0,0,1,NA
"136",136,-1,3,10.9150793732642,1,0,0,NA
"137",137,1,3,11.3205475116983,0,0,0,NA
"138",138,1,3,11.8493941301565,1,1,1,NA
"139",139,0,2,10.3889799835841,1,0,1,NA
"140",140,1,4,10.3889799835841,1,0,0,NA
"141",141,0,6,11.5129204649577,0,0,0,1
"142",142,1,1,10.0753167566096,0,0,1,0
"143",143,0,3,NA,0,0,0,NA
"144",144,0,3,9.83892236437633,0,0,0,NA
"145",145,1,0,11.1198754694258,0,0,0,0
"146",146,1,4,11.1198754694258,0,0,0,NA
"147",147,-1,1,11.1198754694258,0,0,0,NA
"148",148,0,3,9.52875773879718,1,1,0,0
"149",149,1,3,11.1198754694258,0,0,0,NA
"150",150,1,0,11.5129204649577,1,1,0,0
"151",151,1,2,11.1198754694258,1,1,0,NA
"152",152,-1,0,8.411721558474,1,0,0,0
"153",153,0,3,8.411721558474,1,0,0,0
"154",154,0,3,11.3205475116983,1,1,0,NA
"155",155,0,5,10.7144066575796,0,0,0,NA
"156",156,-1,1,9.32807896220044,1,0,1,NA
"157",157,-1,5,10.2219231016712,1,0,0,0
"158",158,0,NA,10.7144066575796,1,0,0,NA
"159",159,-1,2,9.83892236437633,1,0,1,NA
"160",160,0,3,9.52875773879718,1,0,0,NA
"161",161,0,0,NA,1,0,0,NA
"162",162,1,1,11.6952428550888,1,0,0,NA
"163",163,0,1,11.1198754694258,1,0,1,NA
"164",164,-1,1,8.61241245799717,1,0,1,NA
"165",165,1,3,8.16037538012959,1,0,1,NA
"166",166,NA,2,NA,1,0,0,0
"167",167,0,1,10.7144066575796,0,0,0,NA
"168",168,NA,3,NA,0,1,0,NA
"169",169,0,1,10.9150793732642,0,0,0,NA
"170",170,1,0,11.1198754694258,0,0,1,NA
"171",171,1,4,11.1198754694258,0,0,0,NA
"172",172,-1,2,10.3889799835841,0,0,1,NA
"173",173,1,6,10.7144066575796,1,0,0,1
"174",174,1,0,NA,1,1,0,0
"175",175,1,0,12.2060726455302,0,1,1,0
"176",176,0,3,11.982929094216,1,1,1,NA
"177",177,1,0,12.2060726455302,1,1,1,0
"178",178,0,4,11.8493941301565,0,0,0,1
"179",179,1,1,11.3205475116983,0,1,0,0
"180",180,0,3,9.52875773879718,0,0,0,NA
"181",181,-1,3,NA,1,0,0,NA
"182",182,0,2,9.32807896220044,1,0,0,NA
"183",183,1,0,11.8493941301565,0,1,0,0
"184",184,1,0,11.3205475116983,0,1,0,0
"185",185,0,2,11.8493941301565,0,1,0,NA
"186",186,1,0,11.982929094216,1,0,0,0
"187",187,1,2,11.5129204649577,1,0,0,NA
"188",188,0,1,11.6952428550888,0,1,1,0
"189",189,1,NA,NA,1,0,0,NA
"190",190,1,4,11.3205475116983,0,0,0,NA
"191",191,1,6,11.6952428550888,0,0,0,NA
"192",192,0,5,12.2060726455302,1,1,0,NA
"193",193,NA,2,6.21460809842219,0,0,0,NA
"194",194,0,4,11.5129204649577,1,1,1,NA
"195",195,1,6,9.83892236437633,0,0,1,NA
"196",196,0,4,11.5129204649577,0,1,0,1
"197",197,0,6,11.1198754694258,1,0,0,NA
"198",198,0,1,11.5129204649577,0,0,1,0
"199",199,1,1,11.8493941301565,1,1,1,0
"200",200,0,5,12.2060726455302,1,0,1,1
"201",201,1,4,11.3205475116983,0,1,0,NA
"202",202,0,1,12.2060726455302,0,0,0,0
"203",203,1,0,11.6952428550888,1,1,1,0
"204",204,1,2,11.3205475116983,1,0,1,NA
"205",205,1,3,11.3205475116983,0,1,1,NA
"206",206,1,NA,11.5129204649577,1,0,0,NA
"207",207,-1,4,11.6952428550888,0,0,1,NA
"208",208,0,NA,11.3205475116983,0,0,1,1
"209",209,1,1,11.5129204649577,0,1,1,0
"210",210,1,3,NA,1,0,0,0
"211",211,1,0,9.83892236437633,0,0,0,0
"212",212,0,6,12.2060726455302,0,0,1,1
"213",213,1,2,9.96408864466398,1,0,0,NA
"214",214,0,0,9.52875773879718,1,0,0,NA
"215",215,-1,6,10.3889799835841,1,0,1,1
"216",216,1,1,10.3889799835841,1,0,1,0
"217",217,-1,0,9.96408864466398,1,0,0,0
"218",218,-1,3,8.61241245799717,0,0,1,NA
"219",219,-1,2,9.32807896220044,1,0,0,NA
"220",220,-1,3,10.5320828785363,1,0,1,NA
"221",221,-1,6,11.8493941301565,1,1,1,1
"222",222,NA,0,12.2060726455302,1,1,1,0
"223",223,0,1,11.1198754694258,0,0,1,NA
"224",224,-1,0,11.3205475116983,0,0,0,NA
"225",225,1,2,11.1198754694258,0,1,0,0
"226",226,0,3,11.1198754694258,1,0,0,NA
"227",227,-1,2,10.3889799835841,0,0,1,NA
"228",228,1,2,11.1198754694258,1,1,0,NA
"229",229,1,4,11.3205475116983,1,0,0,NA
"230",230,1,2,10.5320828785363,1,0,0,NA
"231",231,1,4,10.2219231016712,1,0,0,NA
"232",232,1,6,11.1198754694258,1,1,0,NA
"233",233,0,3,NA,0,1,1,0
"234",234,1,4,10.7144066575796,1,0,1,NA
"235",235,0,5,11.5129204649577,0,0,1,NA
"236",236,1,2,12.2060726455302,1,1,1,0
"237",237,-1,6,10.3889799835841,1,0,0,1
"238",238,-1,6,NA,1,0,0,1
"239",239,0,4,11.982929094216,0,1,1,1
"240",240,1,3,11.8493941301565,1,0,1,0
"241",241,0,5,11.3205475116983,1,0,1,0
"242",242,1,3,10.7144066575796,0,0,0,NA
"243",243,0,6,10.3889799835841,1,0,1,1
"244",244,0,3,11.3205475116983,1,0,1,NA
"245",245,0,0,8.77948052984807,1,0,0,0
"246",246,0,0,NA,1,0,0,NA
"247",247,0,3,11.3205475116983,0,0,0,0
"248",248,1,4,10.7144066575796,0,0,0,1
"249",249,1,4,NA,0,1,0,NA
"250",250,1,4,12.2060726455302,0,0,1,NA
"251",251,1,4,9.52875773879718,1,0,0,NA
"252",252,1,2,12.2060726455302,0,1,1,0
"253",253,1,3,9.69581741805373,1,0,0,NA
"254",254,0,0,9.52875773879718,1,0,0,NA
"255",255,0,1,9.32807896220044,0,0,0,NA
"256",256,NA,3,NA,1,0,0,NA
"257",257,1,4,11.8493941301565,0,0,0,NA
"258",258,1,0,10.9150793732642,1,1,0,0
"259",259,0,4,10.9150793732642,0,1,0,NA
"260",260,0,1,11.1198754694258,0,0,1,0
"261",261,1,0,11.982929094216,1,1,1,0
"262",262,1,0,11.982929094216,0,1,0,0
"263",263,1,NA,11.982929094216,0,1,1,NA
"264",264,0,3,11.3205475116983,1,1,1,1
"265",265,1,4,12.2060726455302,1,1,1,NA
"266",266,0,1,10.9150793732642,0,0,0,NA
"267",267,1,2,11.5129204649577,0,1,0,0
"268",268,1,2,11.3205475116983,1,0,0,0
"269",269,1,0,11.8493941301565,0,1,0,0
"270",270,1,1,11.3205475116983,1,0,0,NA
"271",271,1,2,11.1198754694258,0,0,0,1
"272",272,-1,1,9.52875773879718,0,1,1,NA
"273",273,0,1,11.1198754694258,1,0,0,0
"274",274,1,0,11.5129204649577,1,1,0,0
"275",275,1,0,11.3205475116983,1,1,0,0
"276",276,1,1,11.6952428550888,0,1,1,NA
"277",277,1,0,12.2060726455302,0,1,1,0
"278",278,1,1,10.3889799835841,1,0,0,0
"279",279,1,NA,11.6952428550888,0,0,1,NA
"280",280,1,1,12.2060726455302,1,1,1,0
"281",281,0,5,11.1198754694258,1,0,0,1
"282",282,1,2,11.3205475116983,0,0,1,NA
"283",283,0,5,NA,0,0,1,1
"284",284,1,5,11.8493941301565,0,0,1,1
"285",285,1,1,11.1198754694258,1,1,0,0
"286",286,0,1,11.6952428550888,1,0,1,0
"287",287,1,5,11.982929094216,1,1,0,0
"288",288,1,5,10.7144066575796,1,0,0,0
"289",289,NA,3,10.9150793732642,1,0,0,NA
"290",290,0,0,10.0753167566096,1,0,0,0
"291",291,-1,5,11.6952428550888,0,1,0,1
"292",292,1,NA,NA,1,1,1,NA
"293",293,0,1,10.7144066575796,1,0,0,1
"294",294,-1,5,10.9150793732642,0,0,0,1
"295",295,0,3,7.60065242828687,1,0,0,NA
"296",296,1,2,11.982929094216,1,1,1,0
"297",297,0,5,11.8493941301565,1,0,0,NA
"298",298,0,0,12.2060726455302,0,1,0,1
"299",299,1,1,11.1198754694258,1,1,0,0
"300",300,-1,3,11.3205475116983,1,1,0,NA
"301",301,1,0,11.8493941301565,1,1,1,0
"302",302,0,6,12.2060726455302,1,0,1,1
"303",303,1,1,12.2060726455302,0,0,1,0
"304",304,0,2,11.6952428550888,1,1,0,0
"305",305,0,4,11.1198754694258,0,0,1,NA
"306",306,-1,3,10.9150793732642,0,0,0,NA
"307",307,0,4,NA,0,1,0,1
"308",308,0,3,NA,0,0,0,NA
"309",309,0,5,10.0753167566096,1,0,0,1
"310",310,0,4,12.2060726455302,0,1,1,1
"311",311,1,NA,11.1198754694258,0,0,0,1
"312",312,1,2,11.5129204649577,0,1,0,0
"313",313,1,0,12.2060726455302,0,1,0,0
"314",314,1,2,11.6952428550888,0,1,1,0
"315",315,1,1,11.1198754694258,0,0,0,0
"316",316,0,4,10.3889799835841,1,1,0,0
"317",317,0,4,11.5129204649577,0,1,1,NA
"318",318,0,1,10.9150793732642,1,0,0,0
"319",319,0,5,11.8493941301565,1,1,1,1
"320",320,1,0,11.1198754694258,0,0,1,0
"321",321,0,6,10.0753167566096,1,0,1,1
"322",322,0,2,10.9150793732642,0,0,1,0
"323",323,0,1,10.2219231016712,0,0,1,NA
"324",324,0,1,9.52875773879718,1,0,0,NA
"325",325,0,6,NA,0,0,0,0
"326",326,-1,5,7.60065242828687,1,0,0,0
"327",327,1,2,10.0753167566096,0,0,0,0
"328",328,0,0,10.0753167566096,1,0,0,0
"329",329,0,1,11.3205475116983,1,1,0,0
"330",330,1,1,11.1198754694258,1,1,0,0
"331",331,1,0,10.5320828785363,0,0,0,0
"332",332,1,1,12.2060726455302,1,1,1,0
"333",333,1,3,NA,1,1,0,NA
"334",334,1,4,10.9150793732642,1,0,0,0
"335",335,0,6,11.982929094216,0,1,1,1
"336",336,0,5,11.3205475116983,0,0,1,NA
"337",337,0,5,10.7144066575796,1,1,0,0
"338",338,1,0,12.2060726455302,0,1,1,0
"339",339,1,2,12.2060726455302,1,1,1,0
"340",340,0,4,12.2060726455302,1,1,0,1
"341",341,0,5,11.8493941301565,0,1,0,1
"342",342,1,NA,12.2060726455302,0,1,1,0
"343",343,0,3,12.2060726455302,1,1,1,0
"344",344,-1,6,12.2060726455302,0,1,1,1
"345",345,0,0,11.3205475116983,1,0,1,0
"346",346,0,0,9.10492429921953,1,0,0,0
"347",347,0,0,NA,1,0,0,NA
"348",348,0,2,9.69581741805373,1,0,0,0
"349",349,1,1,9.69581741805373,1,0,0,NA
"350",350,1,1,10.7144066575796,1,0,1,0
"351",351,0,2,12.2060726455302,1,1,1,NA
"352",352,0,3,10.0753167566096,1,0,1,0
"353",353,1,4,12.2060726455302,1,1,1,1
"354",354,1,1,11.6952428550888,0,1,1,0
"355",355,1,0,12.2060726455302,0,1,1,0
"356",356,0,0,11.1198754694258,1,0,1,0
"357",357,1,0,9.52875773879718,1,0,0,0
"358",358,0,3,11.8493941301565,0,1,1,0
"359",359,1,6,11.3205475116983,0,0,0,1
"360",360,1,4,11.5129204649577,0,0,0,1
"361",361,0,6,NA,0,0,1,1
"362",362,1,NA,11.3205475116983,1,0,1,NA
"363",363,-1,5,10.9150793732642,1,0,1,1
"364",364,1,5,10.7144066575796,1,1,0,1
"365",365,0,6,12.2060726455302,0,0,0,1
"366",366,0,0,NA,1,0,0,0
"367",367,1,0,11.8493941301565,1,1,0,0
"368",368,1,2,11.3205475116983,1,1,0,0
"369",369,1,2,12.2060726455302,1,1,1,NA
"370",370,NA,4,12.2060726455302,0,0,1,NA
"371",371,1,5,12.2060726455302,0,1,0,NA
"372",372,1,0,12.2060726455302,0,1,1,0
"373",373,1,0,12.2060726455302,1,1,0,0
"374",374,1,1,NA,1,0,1,0
"375",375,0,5,11.6952428550888,0,1,0,1
"376",376,1,2,11.5129204649577,1,0,1,0
"377",377,1,2,10.9150793732642,1,0,0,NA
"378",378,NA,3,12.2060726455302,1,0,0,1
"379",379,0,4,11.6952428550888,1,1,0,1
"380",380,1,0,11.8493941301565,1,1,1,0
"381",381,0,3,11.5129204649577,0,0,1,NA
"382",382,NA,5,NA,1,0,0,0
"383",383,1,2,11.5129204649577,1,1,0,0
"384",384,0,1,11.3205475116983,0,1,1,0
"385",385,1,0,12.2060726455302,1,1,1,0
"386",386,1,0,11.1198754694258,1,1,0,0
"387",387,1,3,11.1198754694258,1,1,0,NA
"388",388,0,NA,10.5320828785363,1,1,0,NA
"389",389,-1,0,NA,0,0,1,1
"390",390,0,3,NA,1,0,0,0
"391",391,1,3,10.5320828785363,1,0,0,NA
"392",392,1,0,9.52875773879718,0,1,0,0
"393",393,0,1,NA,1,0,0,NA
"394",394,1,2,8.92259163063542,1,1,0,NA
"395",395,1,1,11.982929094216,0,0,1,0
"396",396,-1,6,12.2060726455302,1,0,1,NA
"397",397,0,4,10.2219231016712,0,0,0,1
"398",398,1,0,11.6952428550888,0,1,1,0
"399",399,1,2,10.9150793732642,0,0,0,0
"400",400,0,3,11.982929094216,1,1,1,1
"401",401,1,3,10.2219231016712,0,1,0,0
"402",402,0,3,NA,1,0,0,NA
"403",403,-1,3,NA,1,0,0,NA
"404",404,-1,5,8.411721558474,1,0,1,NA
"405",405,1,4,10.7144066575796,1,0,0,NA
"406",406,0,4,10.7144066575796,0,0,1,1
"407",407,1,2,9.69581741805373,1,0,0,0
"408",408,-1,NA,NA,1,0,1,NA
"409",409,-1,3,9.10492429921953,1,0,0,NA
"410",410,1,4,11.3205475116983,0,0,1,1
"411",411,-1,3,NA,1,0,1,NA
"412",412,0,1,9.96408864466398,1,0,0,0
"413",413,0,3,NA,0,0,1,1
"414",414,0,6,11.8493941301565,1,0,1,1
"415",415,-1,3,NA,1,0,0,NA
"416",416,1,2,12.2060726455302,0,1,1,0
"417",417,1,3,11.3205475116983,0,0,0,1
"418",418,1,3,10.7144066575796,0,0,0,NA
"419",419,-1,0,10.9150793732642,1,0,1,0
"420",420,1,2,10.9150793732642,1,1,0,NA
"421",421,1,6,10.0753167566096,0,0,1,1
"422",422,1,1,11.8493941301565,1,0,1,0
"423",423,1,4,11.1198754694258,0,0,0,1
"424",424,0,1,NA,1,0,0,NA
"425",425,1,3,10.7144066575796,1,0,1,NA
"426",426,0,4,11.8493941301565,1,1,1,1
"427",427,NA,5,8.16037538012959,1,1,1,1
"428",428,1,1,12.2060726455302,0,1,1,0
"429",429,1,0,12.2060726455302,1,1,0,0
"430",430,0,1,11.6952428550888,1,0,1,NA
"431",431,0,0,11.982929094216,1,1,0,0
"432",432,1,5,12.2060726455302,0,1,1,NA
"433",433,0,0,11.6952428550888,1,1,0,0
"434",434,0,3,10.5320828785363,1,1,1,NA
"435",435,NA,0,NA,0,0,0,0
"436",436,1,NA,NA,1,1,1,NA
"437",437,1,0,11.6952428550888,1,0,0,0
"438",438,1,6,12.2060726455302,1,1,1,1
"439",439,1,4,12.2060726455302,1,1,1,1
"440",440,0,4,10.5320828785363,1,0,0,NA
"441",441,1,2,10.0753167566096,0,1,1,NA
"442",442,1,0,11.3205475116983,1,1,1,0
"443",443,1,NA,NA,1,1,0,0
"444",444,1,0,10.9150793732642,1,0,1,0
"445",445,-1,3,11.5129204649577,1,0,1,NA
"446",446,0,4,11.6952428550888,0,0,0,0
"447",447,-1,1,10.3889799835841,1,0,0,NA
"448",448,1,2,11.982929094216,1,1,0,0
"449",449,1,1,NA,1,0,0,0
"450",450,1,1,NA,1,0,0,NA
"451",451,0,0,11.5129204649577,0,0,0,0
"452",452,1,1,10.9150793732642,1,1,1,NA
"453",453,0,3,11.1198754694258,1,0,0,NA
"454",454,1,0,12.2060726455302,1,1,0,0
"455",455,1,0,11.6952428550888,1,1,0,0
"456",456,1,1,11.1198754694258,0,0,0,NA
"457",457,0,2,10.9150793732642,0,1,0,0
"458",458,0,5,12.2060726455302,1,0,1,NA
"459",459,-1,NA,11.3205475116983,1,0,1,1
"460",460,-1,1,10.2219231016712,1,0,1,NA
"461",461,1,0,11.6952428550888,0,1,1,NA
"462",462,0,4,10.3889799835841,1,1,0,NA
"463",463,NA,3,11.982929094216,0,0,1,NA
"464",464,1,2,11.1198754694258,0,1,0,0
"465",465,1,2,12.2060726455302,1,1,1,0
"466",466,0,3,11.6952428550888,1,0,0,NA
"467",467,1,1,11.982929094216,1,0,1,1
"468",468,1,5,NA,0,0,1,0
"469",469,1,4,12.2060726455302,1,1,1,NA
"470",470,1,NA,10.3889799835841,1,0,0,NA
"471",471,1,0,10.5320828785363,1,1,0,0
"472",472,0,1,11.1198754694258,1,1,0,NA
"473",473,1,0,11.6952428550888,1,1,1,0
"474",474,0,1,11.8493941301565,0,1,1,NA
"475",475,1,3,9.10492429921953,1,0,0,NA
"476",476,0,0,11.6952428550888,0,0,1,NA
"477",477,1,2,11.5129204649577,1,1,1,NA
"478",478,0,1,10.7144066575796,0,1,1,NA
"479",479,0,6,11.6952428550888,1,0,1,1
"480",480,1,2,11.5129204649577,0,0,0,NA
"481",481,-1,5,11.3205475116983,1,1,0,1
"482",482,1,2,10.9150793732642,1,0,1,0
"483",483,0,NA,NA,1,0,1,NA
"484",484,0,4,11.5129204649577,0,0,0,NA
"485",485,-1,4,11.8493941301565,0,1,0,1
"486",486,1,0,10.0753167566096,1,0,0,0
"487",487,1,0,11.1198754694258,1,1,0,0
"488",488,0,2,10.3889799835841,1,0,0,0
"489",489,0,2,10.9150793732642,0,0,1,NA
"490",490,1,0,NA,1,0,0,0
"491",491,0,5,12.2060726455302,1,1,1,0
"492",492,1,0,12.2060726455302,0,1,1,0
"493",493,1,0,12.2060726455302,1,1,0,0
"494",494,1,6,12.2060726455302,0,1,1,1
"495",495,1,6,10.7144066575796,1,1,0,1
"496",496,0,0,9.69581741805373,1,0,0,NA
"497",497,0,4,10.7144066575796,1,0,0,NA
"498",498,0,3,8.16037538012959,1,0,0,NA
"499",499,-1,3,10.3889799835841,0,0,1,NA
"500",500,0,NA,11.3205475116983,1,1,1,NA
"501",501,1,2,11.3205475116983,0,0,1,NA
"502",502,1,2,11.5129204649577,0,1,1,NA
"503",503,0,5,11.5129204649577,1,1,1,1
"504",504,0,4,11.5129204649577,0,0,1,1
"505",505,1,1,11.982929094216,0,0,1,0
"506",506,1,6,10.7144066575796,0,0,1,1
"507",507,0,3,11.8493941301565,0,1,1,NA
"508",508,0,1,11.5129204649577,1,1,1,0
"509",509,1,2,12.2060726455302,0,1,1,NA
"510",510,1,2,11.982929094216,1,1,1,0
"511",511,0,2,11.1198754694258,1,1,0,0
"512",512,1,3,NA,1,1,1,1
"513",513,1,3,10.2219231016712,0,1,1,NA
"514",514,0,3,11.982929094216,0,1,1,0
"515",515,1,5,12.2060726455302,0,1,1,1
"516",516,0,5,12.2060726455302,1,0,1,NA
"517",517,1,5,11.6952428550888,0,1,1,1
"518",518,1,1,10.3889799835841,1,1,1,0
"519",519,1,1,11.6952428550888,1,1,0,0
"520",520,0,6,10.9150793732642,0,0,1,1
"521",521,-1,5,11.3205475116983,0,1,1,1
"522",522,-1,6,11.1198754694258,1,0,1,1
"523",523,0,NA,11.6952428550888,0,0,1,1
"524",524,0,NA,9.69581741805373,0,0,0,NA
"525",525,-1,5,12.2060726455302,1,0,1,NA
"526",526,0,3,9.96408864466398,1,0,0,NA
"527",527,NA,3,NA,1,0,1,NA
"528",528,0,5,9.10492429921953,1,0,0,1
"529",529,-1,5,11.1198754694258,1,0,1,NA
"530",530,1,2,10.9150793732642,1,0,0,NA
"531",531,0,0,8.16037538012959,1,0,0,0
"532",532,1,0,9.52875773879718,0,0,0,0
"533",533,0,2,10.7144066575796,0,0,0,NA
"534",534,1,6,11.6952428550888,0,1,1,1
"535",535,1,6,12.2060726455302,1,0,1,1
"536",536,-1,NA,10.0753167566096,1,0,1,NA
"537",537,-1,3,6.21460809842219,1,0,0,0
"538",538,1,5,12.2060726455302,0,1,1,1
"539",539,0,4,10.9150793732642,1,0,1,1
"540",540,-1,4,11.1198754694258,1,0,1,NA
"541",541,1,2,11.5129204649577,1,1,0,0
"542",542,0,4,12.2060726455302,0,1,1,1
"543",543,1,0,11.5129204649577,0,1,0,0
"544",544,0,2,12.2060726455302,0,0,1,NA
"545",545,0,3,11.6952428550888,1,0,0,NA
"546",546,0,6,10.7144066575796,1,0,1,NA
"547",547,0,5,9.96408864466398,1,0,1,1
"548",548,0,1,9.69581741805373,0,0,0,NA
"549",549,0,0,6.21460809842219,1,0,0,0
"550",550,0,2,11.5129204649577,1,1,0,NA
"551",551,0,3,11.1198754694258,0,1,1,NA
"552",552,1,1,12.2060726455302,0,0,0,0
"553",553,1,5,11.982929094216,1,1,1,1
"554",554,0,1,11.3205475116983,1,0,0,0
"555",555,0,NA,11.1198754694258,1,1,1,NA
"556",556,0,6,11.1198754694258,1,0,1,1
"557",557,-1,5,12.2060726455302,0,1,1,1
"558",558,1,1,10.0753167566096,0,1,0,0
"559",559,0,1,11.8493941301565,0,1,1,0
"560",560,1,0,11.982929094216,0,1,0,0
"561",561,1,0,11.1198754694258,1,1,0,0
"562",562,0,0,11.6952428550888,0,0,1,0
"563",563,0,NA,11.1198754694258,1,1,0,NA
"564",564,1,NA,11.3205475116983,0,1,1,NA
"565",565,1,1,11.1198754694258,0,0,0,0
"566",566,1,0,10.9150793732642,1,1,0,0
"567",567,0,1,11.982929094216,1,1,1,NA
"568",568,1,0,11.1198754694258,0,1,0,0
"569",569,0,2,12.2060726455302,0,1,1,1
"570",570,NA,3,NA,1,1,1,NA
"571",571,1,0,10.3889799835841,1,1,0,0
"572",572,1,5,10.3889799835841,1,1,0,NA
"573",573,1,0,11.6952428550888,0,1,1,0
"574",574,0,1,11.1198754694258,0,0,0,0
"575",575,1,1,9.32807896220044,1,0,0,0
"576",576,0,1,9.69581741805373,1,0,0,0
"577",577,0,1,11.1198754694258,1,1,0,NA
"578",578,0,0,9.83892236437633,0,0,0,0
"579",579,0,0,10.3889799835841,1,0,0,0
"580",580,1,4,9.69581741805373,0,0,0,1
"581",581,1,1,10.9150793732642,1,1,0,0
"582",582,1,3,9.32807896220044,0,0,0,NA
"583",583,-1,2,10.7144066575796,1,0,0,NA
"584",584,1,4,10.0753167566096,0,0,0,NA
"585",585,1,3,11.3205475116983,1,0,1,0
"586",586,0,3,9.32807896220044,1,0,0,NA
"587",587,0,1,10.7144066575796,0,1,1,NA
"588",588,1,0,10.2219231016712,1,0,0,0
"589",589,1,1,11.5129204649577,1,1,0,0
"590",590,0,0,11.5129204649577,1,0,1,0
"591",591,0,3,NA,1,0,0,NA
"592",592,0,2,10.0753167566096,0,1,0,0
"593",593,0,0,11.1198754694258,1,0,0,NA
"594",594,0,1,11.1198754694258,1,0,1,0
"595",595,1,0,10.0753167566096,0,1,0,0
"596",596,0,6,11.5129204649577,0,0,1,1
"597",597,-1,4,10.7144066575796,0,0,0,NA
"598",598,-1,3,12.2060726455302,1,0,1,1
"599",599,1,0,12.2060726455302,1,1,1,0
"600",600,0,3,9.69581741805373,0,0,0,NA
"601",601,0,1,10.2219231016712,1,0,1,NA
"602",602,1,6,11.5129204649577,0,0,1,1
"603",603,-1,6,11.1198754694258,0,0,1,1
"604",604,0,3,9.10492429921953,0,0,0,NA
"605",605,1,1,12.2060726455302,1,1,0,0
"606",606,1,3,10.5320828785363,0,0,0,NA
"607",607,-1,3,10.2219231016712,1,0,1,0
"608",608,0,1,11.1198754694258,1,0,1,NA
"609",609,-1,6,8.77948052984807,1,0,1,NA
"610",610,0,4,NA,0,0,0,NA
"611",611,-1,6,9.69581741805373,0,0,1,NA
"612",612,0,3,10.3889799835841,1,0,0,NA
"613",613,0,3,11.6952428550888,0,0,0,NA
"614",614,0,3,11.1198754694258,1,0,1,NA
"615",615,0,3,8.61241245799717,1,0,0,NA
"616",616,-1,1,9.96408864466398,1,0,1,NA
"617",617,0,3,9.10492429921953,1,0,0,NA
"618",618,0,4,8.411721558474,1,0,1,NA
"619",619,0,2,9.83892236437633,1,1,1,NA
"620",620,0,6,10.3889799835841,1,0,0,1
"621",621,0,5,12.2060726455302,1,1,1,1
"622",622,0,2,11.6952428550888,1,0,0,0
"623",623,0,2,11.5129204649577,1,1,0,NA
"624",624,0,2,11.3205475116983,0,0,1,NA
"625",625,-1,4,NA,1,1,1,1
"626",626,1,2,11.6952428550888,1,0,0,0
"627",627,-1,5,NA,1,1,1,NA
"628",628,1,2,10.5320828785363,1,1,0,NA
"629",629,0,6,10.9150793732642,0,1,0,1
"630",630,NA,3,NA,1,1,0,NA
"631",631,NA,NA,NA,1,1,1,NA
"632",632,-1,1,9.83892236437633,1,0,0,NA
"633",633,0,0,10.5320828785363,1,0,0,0
"634",634,1,1,10.5320828785363,1,0,0,0
"635",635,NA,0,11.3205475116983,0,1,0,0
"636",636,0,2,9.32807896220044,1,0,0,NA
"637",637,0,2,11.1198754694258,1,0,1,NA
"638",638,1,2,9.52875773879718,0,0,1,0
"639",639,1,0,10.5320828785363,1,0,0,0
"640",640,1,5,11.6952428550888,1,0,1,NA
"641",641,1,NA,11.5129204649577,0,1,1,NA
"642",642,0,2,11.1198754694258,0,0,0,0
"643",643,0,6,12.2060726455302,0,0,1,1
"644",644,1,3,10.9150793732642,0,0,1,NA
"645",645,0,3,9.52875773879718,1,0,0,0
"646",646,0,5,11.6952428550888,1,1,0,1
"647",647,0,6,12.2060726455302,1,0,1,1
"648",648,-1,3,NA,0,0,1,NA
"649",649,-1,2,9.83892236437633,1,0,0,NA
"650",650,0,2,9.96408864466398,0,0,0,NA
"651",651,1,5,9.32807896220044,1,0,0,0
"652",652,0,3,8.411721558474,1,0,0,NA
"653",653,1,1,10.9150793732642,1,1,0,0
"654",654,1,2,10.3889799835841,0,1,0,NA
"655",655,0,0,9.52875773879718,1,0,0,NA
"656",656,0,3,10.3889799835841,1,1,1,NA
"657",657,-1,1,10.7144066575796,0,0,1,0
"658",658,1,3,11.3205475116983,0,0,1,1
"659",659,1,3,11.3205475116983,1,0,0,NA
"660",660,1,0,10.3889799835841,0,0,0,0
"661",661,1,2,9.69581741805373,0,0,0,NA
"662",662,0,2,10.9150793732642,0,0,0,0
"663",663,NA,3,10.9150793732642,1,0,1,0
"664",664,0,4,11.5129204649577,1,0,1,1
"665",665,1,0,11.1198754694258,0,1,1,0
"666",666,0,5,11.5129204649577,1,1,1,0
"667",667,0,4,11.5129204649577,0,0,0,1
"668",668,0,1,12.2060726455302,1,1,0,0
"669",669,0,0,11.982929094216,1,0,1,0
"670",670,0,6,11.5129204649577,1,0,0,0
"671",671,1,0,11.1198754694258,0,1,1,0
"672",672,0,NA,12.2060726455302,0,0,1,1
"673",673,0,3,10.0753167566096,0,0,0,NA
"674",674,1,1,8.411721558474,1,0,0,NA
"675",675,0,6,10.9150793732642,1,0,1,1
"676",676,0,NA,11.1198754694258,0,0,0,NA
"677",677,0,1,10.9150793732642,0,0,0,0
"678",678,1,0,9.32807896220044,0,0,1,0
"679",679,-1,NA,10.5320828785363,1,0,1,NA
"680",680,-1,3,10.5320828785363,1,0,0,NA
"681",681,-1,0,11.3205475116983,0,0,1,0
"682",682,0,0,11.1198754694258,1,1,1,0
"683",683,NA,4,11.982929094216,1,0,1,0
"684",684,-1,3,NA,1,0,0,NA
"685",685,1,4,11.8493941301565,0,0,1,NA
"686",686,0,3,9.69581741805373,1,0,0,0
"687",687,0,3,NA,1,0,1,NA
"688",688,0,2,NA,1,0,1,NA
"689",689,1,3,9.10492429921953,0,0,0,NA
"690",690,0,0,7.60065242828687,0,0,0,0
"691",691,0,1,10.7144066575796,0,0,1,NA
"692",692,1,1,10.0753167566096,1,0,0,0
"693",693,-1,1,10.7144066575796,1,1,0,NA
"694",694,0,0,10.3889799835841,1,0,0,NA
"695",695,0,4,10.7144066575796,0,0,1,NA
"696",696,1,3,10.3889799835841,0,0,0,NA
"697",697,0,4,9.32807896220044,1,0,0,1
"698",698,-1,3,NA,1,0,0,NA
"699",699,-1,3,11.5129204649577,1,1,0,NA
"700",700,0,0,8.16037538012959,1,0,0,0
"701",701,1,3,10.9150793732642,0,0,1,NA
"702",702,0,0,10.3889799835841,1,0,0,0
"703",703,1,0,10.2219231016712,0,0,0,0
"704",704,1,1,NA,1,0,0,NA
"705",705,0,5,11.5129204649577,1,0,1,1
"706",706,0,2,11.3205475116983,1,0,0,NA
"707",707,0,6,11.982929094216,0,0,1,1
"708",708,0,3,11.3205475116983,0,0,0,NA
"709",709,1,0,NA,1,0,0,0
"710",710,0,NA,10.3889799835841,1,0,0,0
"711",711,0,3,9.32807896220044,0,0,0,NA
"712",712,0,2,NA,0,1,0,NA
"713",713,1,5,10.5320828785363,1,1,0,NA
"714",714,0,0,8.92259163063542,0,0,0,0
"715",715,-1,0,10.7144066575796,1,0,1,0
"716",716,0,5,12.2060726455302,0,1,1,1
"717",717,0,1,11.982929094216,0,0,0,NA
"718",718,0,3,12.2060726455302,0,1,1,NA
"719",719,1,0,12.2060726455302,1,1,1,0
"720",720,1,1,11.982929094216,0,1,1,0
"721",721,0,5,11.3205475116983,1,0,0,NA
"722",722,0,1,11.982929094216,1,1,0,0
"723",723,-1,2,12.2060726455302,1,0,1,0
"724",724,1,NA,11.8493941301565,0,1,0,NA
"725",725,1,0,8.92259163063542,1,0,0,0
"726",726,-1,0,9.96408864466398,0,0,0,0
"727",727,0,1,11.982929094216,0,0,0,NA
"728",728,0,1,9.96408864466398,0,0,0,0
"729",729,0,2,10.9150793732642,0,0,0,0
"730",730,0,3,10.3889799835841,0,0,0,NA
"731",731,0,1,10.9150793732642,1,0,1,NA
"732",732,0,0,9.69581741805373,1,0,0,NA
"733",733,1,0,11.1198754694258,1,1,1,0
"734",734,0,4,11.6952428550888,0,0,1,NA
"735",735,1,1,11.5129204649577,1,0,0,0
"736",736,1,2,11.3205475116983,0,0,1,0
"737",737,1,6,11.8493941301565,1,1,1,1
"738",738,0,5,11.8493941301565,0,0,0,NA
"739",739,1,0,12.2060726455302,1,0,1,0
"740",740,NA,3,10.0753167566096,1,1,0,NA
"741",741,0,2,10.7144066575796,1,0,1,NA
"742",742,0,0,10.9150793732642,0,1,0,0
"743",743,1,3,10.3889799835841,0,0,1,0
"744",744,1,4,10.9150793732642,1,0,0,1
"745",745,0,5,11.1198754694258,0,0,0,NA
"746",746,1,0,10.7144066575796,1,0,1,0
"747",747,1,0,9.69581741805373,1,1,0,0
"748",748,0,1,9.69581741805373,1,0,0,0
"749",749,0,0,11.1198754694258,0,0,0,NA
"750",750,1,0,11.1198754694258,1,0,0,0
"751",751,0,2,11.5129204649577,1,0,1,0
"752",752,1,0,11.6952428550888,0,0,0,0
"753",753,-1,2,9.52875773879718,0,0,0,0
"754",754,1,1,11.1198754694258,0,0,0,NA
"755",755,1,NA,10.3889799835841,0,0,0,NA
"756",756,1,3,11.5129204649577,0,0,0,NA
"757",757,1,0,11.6952428550888,0,1,1,0
"758",758,1,0,11.1198754694258,1,0,1,0
"759",759,1,0,10.9150793732642,1,1,0,0
"760",760,0,1,11.3205475116983,0,0,1,NA
"761",761,0,6,12.2060726455302,0,1,1,1
"762",762,1,2,11.8493941301565,1,1,1,0
"763",763,1,3,11.3205475116983,1,1,0,0
"764",764,0,3,12.2060726455302,1,0,1,NA
"765",765,0,6,12.2060726455302,0,0,0,NA
"766",766,1,2,12.2060726455302,0,1,0,0
"767",767,0,2,11.1198754694258,1,1,0,NA
"768",768,1,NA,NA,0,0,0,0
"769",769,0,4,10.9150793732642,0,0,0,NA
"770",770,1,0,10.3889799835841,0,1,0,NA
"771",771,0,2,11.6952428550888,0,1,0,NA
"772",772,0,5,11.8493941301565,1,1,0,NA
"773",773,0,3,9.52875773879718,0,0,0,NA
"774",774,-1,3,9.52875773879718,1,0,0,NA
"775",775,1,0,11.5129204649577,1,0,1,0
"776",776,1,1,10.5320828785363,1,0,0,NA
"777",777,1,3,10.5320828785363,0,0,1,0
"778",778,1,4,11.982929094216,0,0,0,1
"779",779,1,1,11.3205475116983,0,1,1,0
"780",780,-1,5,9.69581741805373,1,0,0,NA
"781",781,1,1,11.5129204649577,1,1,1,NA
"782",782,-1,5,10.3889799835841,0,0,0,NA
"783",783,0,5,10.3889799835841,1,0,0,1
"784",784,1,0,9.83892236437633,1,0,0,0
"785",785,0,2,11.3205475116983,0,0,0,NA
"786",786,-1,6,11.1198754694258,1,0,1,1
"787",787,0,6,11.3205475116983,1,0,1,1
"788",788,0,5,10.9150793732642,1,0,0,NA
"789",789,1,3,11.8493941301565,0,0,1,NA
"790",790,1,2,11.1198754694258,0,0,0,0
"791",791,0,1,9.32807896220044,1,0,0,0
"792",792,1,5,12.2060726455302,1,1,1,0
"793",793,1,5,10.5320828785363,1,0,0,NA
"794",794,0,3,10.9150793732642,1,0,1,NA
"795",795,1,2,10.9150793732642,0,1,1,0
"796",796,0,0,10.0753167566096,1,0,0,0
"797",797,0,5,10.2219231016712,1,0,0,NA
"798",798,1,0,10.5320828785363,1,0,1,NA
"799",799,0,1,10.7144066575796,1,0,0,NA
"800",800,-1,0,10.5320828785363,0,0,0,0
"801",801,-1,1,10.0753167566096,0,0,1,NA
"802",802,0,4,NA,1,0,1,NA
"803",803,0,3,9.96408864466398,1,0,0,NA
"804",804,0,4,11.1198754694258,0,1,1,NA
"805",805,1,1,11.3205475116983,0,0,1,NA
"806",806,0,1,7.60065242828687,0,0,1,0
"807",807,1,2,12.2060726455302,1,1,1,0
"808",808,1,2,11.3205475116983,0,0,1,0
"809",809,1,2,10.2219231016712,1,0,0,NA
"810",810,1,NA,9.52875773879718,0,0,0,0
"811",811,1,2,10.7144066575796,0,1,0,0
"812",812,1,2,10.5320828785363,0,1,0,NA
"813",813,1,2,11.1198754694258,1,1,1,0
"814",814,1,2,10.9150793732642,1,0,1,NA
"815",815,0,0,8.92259163063542,1,0,0,0
"816",816,NA,0,9.96408864466398,1,0,0,NA
"817",817,-1,6,9.32807896220044,0,0,0,1
"818",818,1,3,NA,0,0,0,0
"819",819,0,3,8.92259163063542,0,0,0,NA
"820",820,0,2,10.7144066575796,0,0,0,NA
"821",821,1,3,11.5129204649577,1,1,0,NA
"822",822,NA,0,10.9150793732642,0,0,1,0
"823",823,1,4,11.5129204649577,0,0,0,NA
"824",824,0,3,8.77948052984807,0,0,1,NA
"825",825,1,3,11.1198754694258,1,0,1,NA
"826",826,NA,4,11.1198754694258,1,1,0,NA
"827",827,0,5,NA,0,0,0,1
"828",828,1,5,12.2060726455302,0,1,1,NA
"829",829,-1,4,11.3205475116983,1,1,0,1
"830",830,0,NA,11.3205475116983,1,0,0,NA
"831",831,1,1,12.2060726455302,0,1,1,NA
"832",832,0,NA,10.7144066575796,0,0,0,0
"833",833,1,4,10.2219231016712,0,0,0,1
"834",834,0,6,12.2060726455302,0,0,1,1
"835",835,0,4,11.982929094216,1,0,0,NA
"836",836,1,1,12.2060726455302,0,1,1,0
"837",837,-1,NA,12.2060726455302,1,0,1,NA
"838",838,0,3,NA,0,0,1,NA
"839",839,0,3,10.9150793732642,0,0,0,NA
"840",840,1,6,11.1198754694258,0,0,1,1
"841",841,-1,3,10.3889799835841,1,0,1,NA
"842",842,1,0,11.1198754694258,1,0,0,0
"843",843,1,2,9.96408864466398,1,0,0,NA
"844",844,0,0,NA,1,0,0,0
"845",845,0,6,11.3205475116983,0,0,1,1
"846",846,0,5,11.1198754694258,1,0,0,NA
"847",847,1,3,10.3889799835841,0,0,1,NA
"848",848,0,1,11.3205475116983,1,0,1,0
"849",849,1,1,NA,0,0,0,0
"850",850,1,1,11.1198754694258,1,0,1,0
"851",851,0,4,11.6952428550888,1,1,1,NA
"852",852,0,3,10.9150793732642,0,0,0,NA
"853",853,NA,2,9.52875773879718,1,0,1,NA
"854",854,1,3,11.3205475116983,1,1,0,NA
"855",855,0,0,11.1198754694258,0,0,0,0
"856",856,0,5,11.6952428550888,1,0,1,1
"857",857,-1,4,10.9150793732642,0,0,1,1
"858",858,0,4,NA,1,1,1,1
"859",859,0,0,NA,1,1,1,0
"860",860,0,1,11.3205475116983,0,0,0,0
"861",861,1,3,12.2060726455302,0,1,0,NA
"862",862,0,3,6.21460809842219,1,1,1,0
"863",863,1,NA,10.7144066575796,0,0,1,0
"864",864,-1,6,11.5129204649577,1,1,0,NA
"865",865,0,6,10.7144066575796,0,0,1,1
"866",866,0,4,11.982929094216,1,0,1,1
"867",867,0,NA,7.60065242828687,0,0,0,1
"868",868,-1,6,10.7144066575796,1,0,1,NA
"869",869,0,NA,11.1198754694258,1,0,0,1
"870",870,1,1,10.7144066575796,1,0,1,0
"871",871,0,3,6.21460809842219,1,0,0,NA
"872",872,1,2,9.32807896220044,1,0,0,0
"873",873,1,6,12.2060726455302,1,1,1,1
"874",874,1,2,10.9150793732642,0,1,1,0
"875",875,-1,6,12.2060726455302,0,0,1,1
"876",876,1,0,12.2060726455302,1,1,0,0
"877",877,0,6,11.6952428550888,0,1,1,1
"878",878,1,3,11.3205475116983,1,1,1,0
"879",879,0,NA,9.32807896220044,1,0,0,NA
"880",880,1,0,11.5129204649577,1,1,1,0
"881",881,0,5,11.3205475116983,1,1,1,1
"882",882,-1,5,11.1198754694258,1,1,1,0
"883",883,1,3,10.0753167566096,1,0,0,NA
"884",884,-1,5,10.9150793732642,0,1,1,1
"885",885,1,4,11.8493941301565,1,0,1,1
"886",886,1,5,9.96408864466398,1,0,0,NA
"887",887,1,1,11.6952428550888,0,1,0,1
"888",888,0,3,9.96408864466398,1,0,0,NA
"889",889,1,1,9.32807896220044,1,0,0,0
"890",890,1,2,10.3889799835841,1,1,0,0
"891",891,1,5,9.69581741805373,0,0,0,1
"892",892,1,0,10.3889799835841,1,1,0,0
"893",893,1,1,9.32807896220044,1,0,0,0
"894",894,1,2,10.5320828785363,0,0,0,0
"895",895,1,3,10.2219231016712,0,0,0,0
"896",896,1,2,11.1198754694258,0,0,0,NA
"897",897,1,1,10.3889799835841,0,0,0,0
"898",898,1,2,NA,1,0,1,1
"899",899,1,3,NA,0,0,1,NA
"900",900,1,2,11.5129204649577,0,0,0,0
"901",901,0,0,10.5320828785363,1,0,1,NA
"902",902,1,1,10.9150793732642,0,0,0,NA
"903",903,0,5,10.3889799835841,0,0,0,NA
"904",904,-1,3,10.3889799835841,0,0,0,NA
"905",905,0,3,9.52875773879718,1,0,0,0
"906",906,0,3,6.21460809842219,0,0,0,0
"907",907,0,3,8.61241245799717,1,0,0,NA
"908",908,NA,NA,NA,1,0,0,NA
"909",909,1,3,10.3889799835841,0,0,0,0
"910",910,1,NA,10.5320828785363,1,1,0,NA
"911",911,-1,2,10.2219231016712,1,0,0,NA
"912",912,0,1,10.0753167566096,0,0,0,NA
"913",913,1,1,10.9150793732642,1,0,1,NA
"914",914,0,3,10.9150793732642,0,0,0,NA
"915",915,0,3,10.9150793732642,0,0,0,NA
"916",916,0,1,11.1198754694258,1,0,1,0
"917",917,1,NA,11.8493941301565,1,0,0,NA
"918",918,0,5,11.5129204649577,0,0,1,1
"919",919,0,3,11.1198754694258,0,0,0,1
"920",920,1,2,10.5320828785363,1,0,1,0
"921",921,-1,NA,NA,1,1,0,NA
"922",922,NA,3,10.5320828785363,0,0,0,NA
"923",923,-1,6,10.2219231016712,1,0,0,1
"924",924,1,5,NA,1,1,1,NA
"925",925,1,0,11.8493941301565,0,1,0,0
"926",926,0,NA,NA,0,0,1,1
"927",927,1,4,11.6952428550888,1,1,1,1
"928",928,0,5,11.5129204649577,0,0,1,1
"929",929,-1,6,10.3889799835841,1,1,1,1
"930",930,1,1,9.10492429921953,0,0,0,0
"931",931,-1,5,11.6952428550888,0,1,1,1
"932",932,0,5,11.5129204649577,0,1,1,1
"933",933,0,5,11.3205475116983,0,1,1,1
"934",934,-1,6,11.3205475116983,1,1,1,1
"935",935,0,4,12.2060726455302,1,0,1,1
"936",936,1,0,11.3205475116983,0,1,1,0
"937",937,1,NA,11.6952428550888,0,1,1,NA
"938",938,0,4,11.982929094216,1,1,1,1
"939",939,0,6,10.9150793732642,1,0,0,NA
"940",940,-1,2,9.52875773879718,0,0,1,0
"941",941,0,2,11.1198754694258,1,0,0,0
"942",942,0,2,6.21460809842219,0,0,0,0
"943",943,1,0,9.96408864466398,1,0,0,NA
"944",944,1,NA,NA,1,0,1,0
"945",945,1,3,11.3205475116983,0,0,1,0
"946",946,0,2,10.5320828785363,1,1,1,NA
"947",947,0,5,10.3889799835841,1,1,1,1
"948",948,0,3,10.7144066575796,0,0,1,NA
"949",949,0,6,NA,0,0,1,1
"950",950,1,3,NA,1,0,0,NA
"951",951,1,1,10.3889799835841,1,0,1,0
"952",952,0,4,NA,1,1,0,1
"953",953,1,0,10.9150793732642,0,1,0,0
"954",954,0,3,9.83892236437633,1,0,0,NA
"955",955,0,6,9.52875773879718,1,0,0,1
"956",956,1,2,11.1198754694258,0,1,0,0
"957",957,0,6,11.3205475116983,1,0,1,1
"958",958,0,1,8.16037538012959,0,0,1,1
"959",959,0,1,9.32807896220044,0,0,1,NA
"960",960,0,3,10.7144066575796,0,0,1,NA
"961",961,0,3,10.3889799835841,0,1,1,NA
"962",962,1,5,10.3889799835841,1,1,0,NA
"963",963,1,1,11.5129204649577,0,0,1,NA
"964",964,0,6,10.3889799835841,1,1,0,1
"965",965,0,4,11.3205475116983,0,0,1,1
"966",966,0,6,10.9150793732642,0,0,1,1
"967",967,0,5,9.83892236437633,1,0,0,0
"968",968,0,0,10.9150793732642,0,0,0,0
"969",969,0,3,11.5129204649577,1,0,0,0
"970",970,1,1,10.9150793732642,1,0,0,0
"971",971,1,4,11.1198754694258,0,0,1,NA
"972",972,1,1,11.3205475116983,1,0,0,0
"973",973,1,3,10.7144066575796,0,0,0,NA
"974",974,1,3,10.0753167566096,1,0,0,NA
"975",975,0,1,10.7144066575796,0,0,0,NA
"976",976,-1,4,11.6952428550888,1,1,1,1
"977",977,0,4,11.6952428550888,0,1,1,NA
"978",978,0,4,12.2060726455302,1,0,0,NA
"979",979,1,1,9.52875773879718,0,1,0,1
"980",980,1,4,11.6952428550888,0,1,1,1
"981",981,0,4,11.3205475116983,0,1,1,0
"982",982,0,1,11.6952428550888,1,1,1,0
"983",983,1,5,11.1198754694258,0,1,0,NA
"984",984,-1,1,8.61241245799717,0,0,0,0
"985",985,1,1,11.982929094216,0,1,1,0
"986",986,1,5,11.5129204649577,1,1,0,NA
"987",987,1,5,11.5129204649577,0,1,0,0
"988",988,1,5,12.2060726455302,1,1,1,NA
"989",989,-1,6,11.6952428550888,1,0,1,NA
"990",990,0,5,11.3205475116983,0,0,1,1
"991",991,1,3,9.10492429921953,1,0,1,NA
"992",992,0,3,11.3205475116983,0,0,0,NA
"993",993,1,0,10.9150793732642,0,1,0,0
"994",994,1,6,10.9150793732642,0,0,1,1
"995",995,1,3,10.7144066575796,1,0,0,NA
"996",996,1,NA,9.69581741805373,1,0,0,0
"997",997,1,3,8.77948052984807,1,0,0,NA
"998",998,1,1,10.5320828785363,1,0,0,NA
"999",999,1,2,9.83892236437633,1,0,0,NA
"1000",1000,1,4,10.5320828785363,1,0,0,1
"1001",1001,0,NA,11.5129204649577,1,0,1,1
"1002",1002,1,1,11.5129204649577,1,0,0,0
"1003",1003,-1,6,11.1198754694258,0,1,1,1
"1004",1004,0,2,10.0753167566096,1,1,0,0
"1005",1005,1,2,NA,0,1,0,0
"1006",1006,-1,NA,12.2060726455302,0,1,0,NA
"1007",1007,1,2,10.9150793732642,0,1,0,NA
"1008",1008,1,1,11.982929094216,1,1,1,0
"1009",1009,1,5,10.7144066575796,0,1,0,1
"1010",1010,0,4,12.2060726455302,0,1,0,1
"1011",1011,1,0,10.2219231016712,1,0,0,NA
"1012",1012,-1,5,10.2219231016712,1,0,0,0
"1013",1013,0,6,11.5129204649577,1,1,1,1
"1014",1014,-1,6,11.6952428550888,1,1,1,1
"1015",1015,0,1,11.5129204649577,1,1,0,0
"1016",1016,0,4,11.1198754694258,0,0,1,NA
"1017",1017,-1,5,12.2060726455302,1,0,0,NA
"1018",1018,1,0,10.7144066575796,1,0,0,NA
"1019",1019,0,2,10.3889799835841,0,0,1,NA
"1020",1020,0,0,9.83892236437633,1,1,0,0
"1021",1021,1,0,10.7144066575796,1,0,0,0
"1022",1022,1,1,10.7144066575796,1,0,0,0
"1023",1023,0,0,9.69581741805373,1,0,0,0
"1024",1024,1,2,9.10492429921953,1,0,1,NA
"1025",1025,-1,5,12.2060726455302,0,1,1,1
"1026",1026,0,6,11.6952428550888,0,0,0,1
"1027",1027,1,6,12.2060726455302,0,0,0,1
"1028",1028,1,2,11.1198754694258,0,1,0,0
"1029",1029,1,6,10.7144066575796,0,0,0,1
"1030",1030,-1,5,10.9150793732642,1,1,0,1
"1031",1031,1,4,12.2060726455302,0,0,0,1
"1032",1032,1,1,9.96408864466398,1,0,0,0
"1033",1033,-1,6,11.1198754694258,0,0,0,1
"1034",1034,1,4,10.5320828785363,1,1,0,NA
"1035",1035,0,4,9.32807896220044,0,0,0,NA
"1036",1036,0,2,10.7144066575796,0,0,0,NA
"1037",1037,0,1,10.2219231016712,1,0,0,1
"1038",1038,1,5,11.3205475116983,0,1,0,1
"1039",1039,0,3,NA,0,0,0,NA
"1040",1040,0,2,11.6952428550888,1,1,1,NA
"1041",1041,0,5,12.2060726455302,0,1,0,NA
"1042",1042,1,1,11.982929094216,1,0,1,0
"1043",1043,1,2,11.5129204649577,0,1,1,0
"1044",1044,-1,3,9.96408864466398,0,0,0,NA
"1045",1045,1,0,10.7144066575796,1,1,0,0
"1046",1046,0,2,10.0753167566096,1,0,0,0
"1047",1047,-1,6,10.9150793732642,1,0,0,1
"1048",1048,0,1,10.2219231016712,1,1,0,NA
"1049",1049,0,1,9.32807896220044,0,0,0,0
"1050",1050,0,0,NA,1,0,0,0
"1051",1051,-1,0,9.52875773879718,0,0,0,0
"1052",1052,-1,6,10.2219231016712,1,0,0,1
"1053",1053,0,1,10.0753167566096,1,0,0,NA
"1054",1054,1,0,9.32807896220044,0,0,0,0
"1055",1055,0,4,10.5320828785363,1,0,1,NA
"1056",1056,0,0,9.32807896220044,0,0,0,NA
"1057",1057,1,4,10.3889799835841,0,0,0,NA
"1058",1058,0,5,10.3889799835841,0,0,1,1
"1059",1059,0,NA,10.0753167566096,0,0,1,NA
"1060",1060,0,2,10.9150793732642,1,0,1,0
"1061",1061,-1,5,10.5320828785363,0,0,0,1
"1062",1062,0,3,8.77948052984807,0,0,0,0
"1063",1063,-1,4,10.9150793732642,1,0,1,1
"1064",1064,0,6,11.1198754694258,1,0,0,1
"1065",1065,0,1,9.96408864466398,0,0,1,NA
"1066",1066,-1,5,11.1198754694258,1,0,0,1
"1067",1067,0,4,8.92259163063542,0,0,0,NA
"1068",1068,1,4,11.1198754694258,0,0,0,NA
"1069",1069,0,5,10.9150793732642,1,0,0,1
"1070",1070,0,1,10.3889799835841,1,0,0,0
"1071",1071,0,6,11.1198754694258,0,0,0,1
"1072",1072,0,3,10.0753167566096,1,0,0,NA
"1073",1073,0,0,7.60065242828687,1,0,0,0
"1074",1074,1,0,9.83892236437633,1,0,0,0
"1075",1075,-1,4,11.3205475116983,1,0,1,NA
"1076",1076,0,4,11.982929094216,0,1,1,NA
"1077",1077,1,5,9.83892236437633,1,0,0,NA
"1078",1078,1,0,11.8493941301565,1,1,1,0
"1079",1079,-1,4,6.21460809842219,0,0,0,NA
"1080",1080,0,0,10.5320828785363,0,0,1,0
"1081",1081,1,3,11.6952428550888,0,0,0,NA
"1082",1082,1,2,10.3889799835841,0,0,0,NA
"1083",1083,-1,2,10.7144066575796,0,0,0,NA
"1084",1084,0,3,10.2219231016712,1,0,1,NA
"1085",1085,1,0,10.5320828785363,1,0,0,0
"1086",1086,0,3,11.1198754694258,1,1,0,1
"1087",1087,0,1,11.1198754694258,1,0,1,NA
"1088",1088,0,4,10.0753167566096,1,0,0,1
"1089",1089,0,6,11.3205475116983,0,0,1,1
"1090",1090,0,5,11.6952428550888,0,1,1,NA
"1091",1091,-1,6,11.6952428550888,0,1,1,1
"1092",1092,1,5,11.8493941301565,0,1,1,NA
"1093",1093,0,4,NA,0,1,1,NA
"1094",1094,-1,4,10.5320828785363,0,1,0,0
"1095",1095,0,6,12.2060726455302,1,0,1,1
"1096",1096,1,2,11.1198754694258,0,1,0,0
"1097",1097,0,1,11.8493941301565,0,0,1,0
"1098",1098,1,0,10.3889799835841,0,1,0,0
"1099",1099,0,NA,10.7144066575796,1,0,0,0
"1100",1100,0,3,10.2219231016712,1,0,0,NA
"1101",1101,1,3,10.3889799835841,0,0,0,NA
"1102",1102,1,2,9.96408864466398,1,0,0,NA
"1103",1103,0,3,NA,0,0,0,NA
"1104",1104,0,4,9.96408864466398,0,0,0,NA
"1105",1105,1,4,10.7144066575796,0,0,0,NA
"1106",1106,0,1,10.9150793732642,1,0,0,0
"1107",1107,1,2,11.8493941301565,0,0,1,0
"1108",1108,0,5,11.1198754694258,0,0,1,1
"1109",1109,0,1,10.3889799835841,0,1,0,0
"1110",1110,1,2,9.96408864466398,1,1,1,NA
"1111",1111,1,1,11.5129204649577,1,0,1,0
"1112",1112,0,NA,10.5320828785363,0,1,1,1
"1113",1113,0,3,NA,1,0,0,NA
"1114",1114,0,4,10.7144066575796,0,0,1,1
"1115",1115,1,NA,10.2219231016712,0,0,1,NA
"1116",1116,0,3,12.2060726455302,1,1,0,NA
"1117",1117,0,1,10.2219231016712,1,0,0,NA
"1118",1118,0,3,6.21460809842219,1,0,0,NA
"1119",1119,-1,NA,10.2219231016712,1,0,0,0
"1120",1120,1,2,9.32807896220044,1,0,0,0
"1121",1121,0,4,10.5320828785363,1,0,0,NA
"1122",1122,1,NA,10.3889799835841,1,0,0,NA
"1123",1123,1,0,10.3889799835841,0,0,0,0
"1124",1124,0,3,10.3889799835841,1,1,0,NA
"1125",1125,1,6,9.83892236437633,0,0,0,1
"1126",1126,0,1,10.9150793732642,0,1,1,0
"1127",1127,0,4,8.411721558474,1,0,0,NA
"1128",1128,1,0,11.1198754694258,1,0,0,0
"1129",1129,1,0,10.0753167566096,0,1,0,0
"1130",1130,0,5,11.3205475116983,0,0,0,1
"1131",1131,1,2,NA,0,0,0,0
"1132",1132,0,0,12.2060726455302,0,0,0,0
"1133",1133,1,1,9.52875773879718,0,0,0,NA
"1134",1134,1,2,12.2060726455302,0,1,1,1
"1135",1135,0,6,11.3205475116983,0,1,1,0
"1136",1136,-1,4,10.9150793732642,1,0,0,1
"1137",1137,0,6,11.6952428550888,0,0,1,1
"1138",1138,-1,3,10.7144066575796,0,0,1,NA
"1139",1139,0,6,10.0753167566096,1,0,0,1
"1140",1140,1,0,12.2060726455302,1,1,0,0
"1141",1141,1,0,10.2219231016712,0,0,1,NA
"1142",1142,0,3,10.5320828785363,1,0,0,NA
"1143",1143,1,3,9.96408864466398,0,0,0,NA
"1144",1144,0,NA,10.5320828785363,0,0,0,1
"1145",1145,1,2,11.1198754694258,0,1,0,NA
"1146",1146,1,4,10.2219231016712,1,1,0,NA
"1147",1147,0,1,10.9150793732642,1,0,1,0
"1148",1148,1,1,9.96408864466398,1,0,0,NA
"1149",1149,1,3,NA,0,0,0,NA
"1150",1150,1,1,9.52875773879718,0,1,0,0
"1151",1151,-1,3,11.5129204649577,0,0,1,1
"1152",1152,1,2,11.6952428550888,0,0,0,NA
"1153",1153,0,5,11.8493941301565,0,1,1,1
"1154",1154,0,0,10.0753167566096,0,0,1,0
"1155",1155,1,3,11.5129204649577,0,0,0,0
"1156",1156,1,2,11.5129204649577,1,1,0,0
"1157",1157,1,NA,11.5129204649577,0,0,0,0
"1158",1158,0,6,11.6952428550888,0,0,1,1
"1159",1159,0,0,10.3889799835841,1,0,0,0
"1160",1160,0,6,11.6952428550888,0,1,1,1
"1161",1161,0,4,12.2060726455302,1,0,0,NA
"1162",1162,1,0,NA,1,0,1,0
"1163",1163,1,2,NA,1,0,1,0
"1164",1164,0,6,12.2060726455302,1,1,1,1
"1165",1165,1,NA,11.6952428550888,0,1,1,1
"1166",1166,1,0,12.2060726455302,0,1,0,0
"1167",1167,0,5,12.2060726455302,0,1,0,1
"1168",1168,1,1,11.3205475116983,0,0,1,1
"1169",1169,0,5,10.7144066575796,1,0,1,1
"1170",1170,0,4,12.2060726455302,0,1,1,NA
"1171",1171,-1,3,10.9150793732642,0,1,0,1
"1172",1172,1,1,10.7144066575796,1,0,0,NA
"1173",1173,1,3,10.9150793732642,0,0,0,NA
"1174",1174,1,1,11.8493941301565,1,1,1,0
"1175",1175,1,2,10.5320828785363,0,1,0,0
"1176",1176,0,5,12.2060726455302,1,0,1,NA
"1177",1177,1,3,11.1198754694258,0,0,1,NA
"1178",1178,1,2,11.1198754694258,1,0,0,NA
"1179",1179,1,4,10.3889799835841,0,0,0,0
"1180",1180,-1,1,8.16037538012959,1,0,0,0
"1181",1181,1,1,11.8493941301565,0,0,1,0
"1182",1182,-1,5,10.2219231016712,0,0,0,1
"1183",1183,0,6,12.2060726455302,1,0,1,1
"1184",1184,0,2,10.3889799835841,0,0,1,0
"1185",1185,0,5,11.8493941301565,1,1,1,NA
"1186",1186,1,2,11.982929094216,1,1,1,0
"1187",1187,1,4,12.2060726455302,1,0,1,1
"1188",1188,1,0,10.5320828785363,0,0,0,0
"1189",1189,0,6,11.3205475116983,1,0,1,1
"1190",1190,0,6,11.982929094216,1,1,1,1
"1191",1191,0,6,11.982929094216,1,0,1,1
"1192",1192,0,6,11.6952428550888,0,0,0,1
"1193",1193,0,4,12.2060726455302,0,0,0,1
"1194",1194,-1,0,NA,1,0,0,0
"1195",1195,0,4,11.3205475116983,0,1,1,1
"1196",1196,-1,4,11.6952428550888,0,0,1,1
"1197",1197,1,2,10.7144066575796,0,1,0,NA
"1198",1198,0,6,NA,1,0,1,1
"1199",1199,0,1,11.8493941301565,1,1,1,0
"1200",1200,-1,3,9.69581741805373,1,0,0,NA
"1201",1201,1,2,10.3889799835841,0,0,1,NA
"1202",1202,0,2,10.3889799835841,1,1,1,NA
"1203",1203,1,3,11.1198754694258,1,1,1,NA
"1204",1204,-1,5,10.7144066575796,1,1,1,NA
"1205",1205,0,0,9.52875773879718,0,0,0,0
"1206",1206,0,0,10.3889799835841,1,1,0,0
"1207",1207,0,3,10.3889799835841,1,0,0,NA
"1208",1208,1,3,7.60065242828687,0,0,0,NA
"1209",1209,0,5,9.32807896220044,0,0,0,NA
"1210",1210,0,6,9.52875773879718,0,0,0,1
"1211",1211,1,5,6.21460809842219,0,0,0,NA
"1212",1212,1,0,11.3205475116983,0,0,0,0
"1213",1213,1,2,10.2219231016712,0,0,0,0
"1214",1214,0,1,11.5129204649577,1,1,0,NA
"1215",1215,-1,4,8.16037538012959,0,0,0,NA
"1216",1216,1,1,10.5320828785363,1,0,1,0
"1217",1217,0,3,10.9150793732642,1,0,1,NA
"1218",1218,1,2,10.7144066575796,1,0,0,0
"1219",1219,0,3,10.9150793732642,0,0,1,NA
"1220",1220,1,0,8.61241245799717,0,1,0,0
"1221",1221,1,4,12.2060726455302,0,1,1,NA
"1222",1222,-1,5,11.1198754694258,0,0,0,NA
"1223",1223,1,1,10.7144066575796,0,0,0,0
"1224",1224,-1,6,9.96408864466398,1,0,0,1
"1225",1225,1,0,11.6952428550888,1,0,1,NA
"1226",1226,1,1,11.5129204649577,1,1,0,0
"1227",1227,0,1,11.3205475116983,1,0,1,NA
"1228",1228,1,4,10.3889799835841,1,0,0,NA
"1229",1229,0,4,10.3889799835841,0,0,1,NA
"1230",1230,-1,NA,10.5320828785363,1,0,0,1
"1231",1231,-1,4,10.5320828785363,1,0,0,NA
"1232",1232,1,2,10.5320828785363,1,0,0,0
"1233",1233,NA,4,10.9150793732642,0,0,1,NA
"1234",1234,1,4,10.7144066575796,0,0,0,NA
"1235",1235,0,2,10.7144066575796,1,0,0,NA
"1236",1236,0,5,11.1198754694258,0,1,0,NA
"1237",1237,1,2,11.982929094216,0,0,0,NA
"1238",1238,NA,5,10.9150793732642,0,0,0,NA
"1239",1239,0,5,11.6952428550888,0,0,0,1
"1240",1240,NA,6,9.52875773879718,0,0,0,1
"1241",1241,-1,4,12.2060726455302,0,1,1,NA
"1242",1242,-1,0,11.6952428550888,1,1,0,0
"1243",1243,0,5,10.3889799835841,1,1,0,NA
"1244",1244,1,5,10.0753167566096,1,1,0,0
"1245",1245,0,3,11.1198754694258,1,0,0,1
"1246",1246,0,2,10.0753167566096,0,0,1,1
"1247",1247,0,1,11.1198754694258,0,0,0,NA
"1248",1248,0,2,10.9150793732642,0,0,1,NA
"1249",1249,-1,0,9.96408864466398,1,0,0,0
"1250",1250,0,0,9.10492429921953,1,0,0,0
"1251",1251,1,4,10.7144066575796,0,0,0,1
"1252",1252,1,0,NA,1,0,1,NA
"1253",1253,1,2,NA,1,0,0,0
"1254",1254,-1,3,11.5129204649577,1,0,1,NA
"1255",1255,1,4,11.1198754694258,1,0,1,1
"1256",1256,-1,6,11.6952428550888,0,0,1,NA
"1257",1257,1,1,10.7144066575796,1,0,0,NA
"1258",1258,-1,1,10.7144066575796,0,0,0,NA
"1259",1259,0,2,NA,0,0,0,1
"1260",1260,1,0,11.982929094216,1,1,1,0
"1261",1261,1,0,10.9150793732642,1,1,0,0
"1262",1262,1,1,10.2219231016712,1,0,0,0
"1263",1263,1,0,11.1198754694258,1,1,1,0
"1264",1264,1,0,11.3205475116983,0,1,1,0
"1265",1265,1,3,11.5129204649577,1,1,0,NA
"1266",1266,1,2,10.7144066575796,0,1,0,0
"1267",1267,1,3,10.5320828785363,1,0,0,NA
"1268",1268,-1,3,9.52875773879718,0,0,0,NA
"1269",1269,1,0,10.7144066575796,1,0,0,0
"1270",1270,1,1,9.32807896220044,1,0,0,NA
"1271",1271,-1,4,6.21460809842219,1,0,0,1
"1272",1272,1,6,9.83892236437633,0,0,0,NA
"1273",1273,0,2,9.32807896220044,0,0,0,NA
"1274",1274,0,3,10.0753167566096,0,0,0,1
"1275",1275,1,1,10.9150793732642,0,1,0,0
"1276",1276,0,0,9.10492429921953,1,0,0,NA
"1277",1277,0,0,10.0753167566096,1,0,0,NA
"1278",1278,1,0,10.7144066575796,1,1,1,0
"1279",1279,1,0,9.69581741805373,1,1,0,NA
"1280",1280,0,3,8.411721558474,1,0,0,NA
"1281",1281,0,1,11.6952428550888,1,1,1,0
"1282",1282,1,6,11.6952428550888,0,0,1,1
"1283",1283,NA,2,11.6952428550888,1,1,1,NA
"1284",1284,1,6,11.1198754694258,0,0,1,1
"1285",1285,0,4,10.9150793732642,0,0,0,1
"1286",1286,0,3,8.16037538012959,1,0,0,NA
"1287",1287,1,0,11.1198754694258,0,1,1,0
"1288",1288,0,6,10.7144066575796,1,1,0,1
"1289",1289,1,0,12.2060726455302,1,0,0,0
"1290",1290,1,2,12.2060726455302,0,0,1,0
"1291",1291,1,0,10.9150793732642,1,1,0,0
"1292",1292,0,4,10.7144066575796,0,0,0,NA
"1293",1293,1,1,11.5129204649577,1,0,1,0
"1294",1294,1,2,10.7144066575796,0,0,0,0
"1295",1295,0,0,9.32807896220044,1,0,0,NA
"1296",1296,0,3,7.60065242828687,0,0,0,NA
"1297",1297,0,2,9.32807896220044,0,0,0,0
"1298",1298,1,1,10.3889799835841,1,0,0,0
"1299",1299,0,3,8.16037538012959,0,0,0,0
"1300",1300,0,3,6.21460809842219,1,0,0,NA
"1301",1301,1,0,11.3205475116983,0,1,0,0
"1302",1302,0,1,11.6952428550888,1,0,1,0
"1303",1303,0,0,10.0753167566096,1,0,0,0
"1304",1304,1,5,11.8493941301565,1,1,0,0
"1305",1305,1,3,10.9150793732642,0,0,0,NA
"1306",1306,1,1,10.9150793732642,1,1,0,0
"1307",1307,0,3,11.1198754694258,1,0,1,1
"1308",1308,1,NA,9.32807896220044,0,0,0,1
"1309",1309,1,0,11.5129204649577,0,1,0,0
"1310",1310,0,6,10.5320828785363,0,0,1,1
"1311",1311,0,1,10.7144066575796,0,0,0,NA
"1312",1312,0,2,9.83892236437633,1,0,0,NA
"1313",1313,-1,1,9.52875773879718,0,0,0,1
"1314",1314,1,0,10.7144066575796,1,0,0,0
"1315",1315,0,6,12.2060726455302,1,0,1,1
"1316",1316,1,1,11.1198754694258,1,1,1,1
"1317",1317,1,0,11.6952428550888,0,0,0,0
"1318",1318,0,4,11.6952428550888,0,1,0,1
"1319",1319,0,1,7.60065242828687,1,0,0,0
"1320",1320,1,5,11.1198754694258,1,0,1,1
"1321",1321,-1,6,11.5129204649577,1,0,0,1
"1322",1322,0,6,11.3205475116983,0,0,1,1
"1323",1323,NA,4,11.982929094216,0,0,1,1
"1324",1324,0,3,9.32807896220044,1,0,0,NA
"1325",1325,1,4,10.0753167566096,1,0,0,NA
"1326",1326,0,0,8.92259163063542,1,0,0,NA
"1327",1327,0,1,10.9150793732642,1,0,1,0
"1328",1328,0,1,11.1198754694258,1,0,1,1
"1329",1329,0,6,10.9150793732642,1,0,1,1
"1330",1330,0,6,11.5129204649577,0,0,1,1
"1331",1331,0,3,9.52875773879718,0,0,0,NA
"1332",1332,1,1,10.3889799835841,1,1,1,NA
"1333",1333,0,5,11.1198754694258,1,0,1,1
"1334",1334,0,6,11.5129204649577,0,1,0,1
"1335",1335,0,2,11.6952428550888,0,1,1,0
"1336",1336,-1,3,9.69581741805373,0,0,1,NA
"1337",1337,0,6,11.3205475116983,0,1,1,1
"1338",1338,1,2,11.982929094216,0,1,0,0
"1339",1339,1,1,10.7144066575796,0,0,1,0
"1340",1340,NA,2,9.69581741805373,1,0,1,NA
"1341",1341,0,5,11.1198754694258,0,0,1,NA
"1342",1342,0,3,6.21460809842219,0,0,0,NA
"1343",1343,0,5,10.0753167566096,0,0,0,1
"1344",1344,0,3,NA,1,0,1,NA
"1345",1345,0,5,11.1198754694258,1,0,0,NA
"1346",1346,1,5,11.6952428550888,0,0,0,1
"1347",1347,1,6,11.982929094216,0,0,0,NA
"1348",1348,-1,NA,11.3205475116983,0,0,0,NA
"1349",1349,1,3,10.7144066575796,1,1,1,0
"1350",1350,0,4,10.7144066575796,1,0,0,NA
"1351",1351,-1,4,NA,0,0,0,NA
"1352",1352,0,5,11.3205475116983,1,0,1,1
"1353",1353,1,0,11.3205475116983,1,0,0,0
"1354",1354,0,3,10.3889799835841,0,0,1,NA
"1355",1355,1,1,10.7144066575796,1,0,0,NA
"1356",1356,1,2,10.0753167566096,1,1,0,NA
"1357",1357,1,0,7.60065242828687,0,0,0,0
"1358",1358,1,4,10.2219231016712,0,0,0,NA
"1359",1359,1,0,12.2060726455302,1,1,1,0
"1360",1360,1,0,11.1198754694258,1,0,0,0
"1361",1361,1,4,7.60065242828687,0,0,0,NA
"1362",1362,1,4,NA,0,0,0,NA
"1363",1363,NA,3,NA,0,0,0,NA
"1364",1364,0,3,10.9150793732642,0,0,1,NA
"1365",1365,1,3,11.1198754694258,1,0,1,NA
"1366",1366,0,2,10.3889799835841,1,0,1,0
"1367",1367,1,5,9.96408864466398,0,0,1,1
"1368",1368,0,0,10.3889799835841,0,1,1,0
"1369",1369,1,1,9.52875773879718,1,0,1,NA
"1370",1370,0,6,11.1198754694258,1,0,1,1
"1371",1371,1,5,11.982929094216,0,0,1,NA
"1372",1372,-1,5,11.5129204649577,0,0,1,1
"1373",1373,0,5,11.6952428550888,0,1,1,1
"1374",1374,0,5,11.1198754694258,1,0,1,1
"1375",1375,0,0,11.3205475116983,1,1,1,0
"1376",1376,1,6,10.7144066575796,1,0,0,1
"1377",1377,0,6,11.1198754694258,1,1,1,1
"1378",1378,0,5,10.2219231016712,1,0,0,1
"1379",1379,-1,1,11.1198754694258,1,0,0,0
"1380",1380,0,0,11.3205475116983,1,1,1,0
"1381",1381,0,2,9.52875773879718,0,0,1,NA
"1382",1382,1,3,11.1198754694258,0,0,1,NA
"1383",1383,1,4,11.3205475116983,0,0,1,1
"1384",1384,NA,5,12.2060726455302,0,1,1,1
"1385",1385,1,0,10.9150793732642,1,1,0,0
"1386",1386,0,0,9.96408864466398,1,1,0,0
"1387",1387,-1,6,9.69581741805373,0,0,1,1
"1388",1388,-1,6,11.1198754694258,1,0,1,1
"1389",1389,0,NA,11.5129204649577,1,1,1,0
"1390",1390,1,1,NA,0,0,0,0
"1391",1391,1,3,10.9150793732642,0,0,1,NA
"1392",1392,0,5,11.5129204649577,1,1,0,1
"1393",1393,0,3,10.9150793732642,0,0,1,1
"1394",1394,-1,6,NA,1,0,0,1
"1395",1395,NA,1,11.8493941301565,0,0,1,1
"1396",1396,0,3,10.9150793732642,0,0,1,0
"1397",1397,0,6,10.5320828785363,0,0,1,NA
"1398",1398,NA,1,9.32807896220044,1,0,0,0
"1399",1399,1,1,NA,1,0,1,0
"1400",1400,1,3,10.7144066575796,0,1,0,0
"1401",1401,0,0,10.2219231016712,1,0,0,0
"1402",1402,0,6,10.0753167566096,0,0,1,NA
"1403",1403,0,3,11.1198754694258,1,0,1,1
"1404",1404,1,1,11.1198754694258,1,1,0,NA
"1405",1405,0,0,10.5320828785363,0,1,1,0
"1406",1406,0,0,11.3205475116983,1,1,0,0
"1407",1407,0,0,9.52875773879718,1,0,0,0
"1408",1408,0,6,10.9150793732642,0,0,0,NA
"1409",1409,-1,2,10.0753167566096,1,0,0,NA
"1410",1410,0,5,11.1198754694258,1,0,1,1
"1411",1411,0,2,10.7144066575796,1,0,0,0
"1412",1412,1,3,10.7144066575796,0,0,0,NA
"1413",1413,0,0,9.96408864466398,0,0,0,NA
"1414",1414,1,5,11.1198754694258,1,0,0,1
"1415",1415,0,0,9.32807896220044,1,0,0,0
"1416",1416,0,3,10.5320828785363,0,0,0,0
"1417",1417,1,1,11.1198754694258,0,0,1,0
"1418",1418,1,3,8.16037538012959,1,0,0,NA
"1419",1419,0,0,9.10492429921953,1,0,0,0
"1420",1420,0,1,10.7144066575796,1,0,0,0
"1421",1421,1,0,11.6952428550888,0,0,1,0
"1422",1422,1,2,9.52875773879718,1,0,0,NA
"1423",1423,1,2,10.7144066575796,1,0,0,NA
"1424",1424,1,6,11.8493941301565,0,1,1,1
"1425",1425,1,2,11.5129204649577,1,1,1,0
"1426",1426,0,5,NA,1,0,0,NA
"1427",1427,0,2,10.2219231016712,1,1,0,0
"1428",1428,-1,6,10.9150793732642,0,0,1,1
"1429",1429,0,1,NA,1,0,0,0
"1430",1430,0,3,10.5320828785363,0,1,0,1
"1431",1431,1,3,NA,1,0,0,NA
"1432",1432,1,5,10.5320828785363,1,0,0,NA
"1433",1433,1,6,11.3205475116983,0,1,0,1
"1434",1434,0,1,11.1198754694258,1,1,0,NA
"1435",1435,1,3,10.7144066575796,1,0,0,0
"1436",1436,-1,6,NA,1,1,0,1
"1437",1437,0,1,10.3889799835841,0,0,0,0
"1438",1438,0,2,10.3889799835841,1,1,0,0
"1439",1439,0,2,9.96408864466398,0,0,0,NA
"1440",1440,1,2,NA,1,1,1,NA
"1441",1441,1,3,9.96408864466398,1,0,1,NA
"1442",1442,0,2,9.83892236437633,0,0,1,1
"1443",1443,0,1,10.7144066575796,0,1,0,0
"1444",1444,1,2,10.3889799835841,1,1,0,NA
"1445",1445,0,NA,9.96408864466398,1,1,0,NA
"1446",1446,0,5,12.2060726455302,0,1,1,1
"1447",1447,1,0,9.32807896220044,0,1,0,0
"1448",1448,1,4,10.3889799835841,0,0,1,NA
"1449",1449,1,4,9.52875773879718,1,0,0,NA
"1450",1450,0,0,9.96408864466398,0,0,0,0
"1451",1451,0,5,11.5129204649577,1,0,1,1
"1452",1452,1,3,11.1198754694258,0,0,0,0
"1453",1453,0,4,11.1198754694258,0,0,1,1
"1454",1454,0,2,11.1198754694258,1,1,1,0
"1455",1455,0,4,9.32807896220044,1,0,0,NA
"1456",1456,0,5,NA,0,0,1,1
"1457",1457,0,4,10.2219231016712,0,0,1,1
"1458",1458,1,2,11.3205475116983,1,0,0,NA
"1459",1459,1,1,6.21460809842219,1,0,0,0
"1460",1460,0,2,11.982929094216,1,1,1,0
"1461",1461,1,4,6.21460809842219,0,0,1,0
"1462",1462,0,0,9.32807896220044,1,0,0,0
"1463",1463,0,3,NA,1,0,0,NA
"1464",1464,-1,3,10.0753167566096,0,0,0,NA
"1465",1465,-1,6,11.6952428550888,1,0,1,1
"1466",1466,1,2,11.1198754694258,1,0,0,0
"1467",1467,0,3,NA,1,1,0,NA
"1468",1468,0,1,10.9150793732642,1,0,0,NA
"1469",1469,0,3,12.2060726455302,1,0,1,NA
"1470",1470,0,4,8.92259163063542,1,0,0,NA
"1471",1471,0,5,11.3205475116983,1,1,0,1
"1472",1472,-1,1,10.5320828785363,1,0,1,NA
"1473",1473,0,1,10.3889799835841,0,0,0,0
"1474",1474,0,3,10.5320828785363,1,0,1,0
"1475",1475,-1,5,10.9150793732642,1,0,0,NA
"1476",1476,0,1,9.32807896220044,1,0,1,0
"1477",1477,0,NA,9.96408864466398,1,0,0,NA
"1478",1478,0,1,9.83892236437633,1,0,0,0
"1479",1479,1,5,11.3205475116983,0,1,0,0
"1480",1480,0,0,NA,1,0,0,0
"1481",1481,1,3,10.7144066575796,0,0,0,NA
"1482",1482,0,3,10.3889799835841,1,0,0,0
"1483",1483,1,1,10.9150793732642,1,1,1,NA
"1484",1484,0,5,12.2060726455302,1,1,1,1
"1485",1485,1,6,12.2060726455302,1,1,0,1
"1486",1486,1,5,12.2060726455302,0,0,0,1
"1487",1487,1,3,11.982929094216,0,0,1,NA
"1488",1488,-1,6,12.2060726455302,1,1,1,1
"1489",1489,0,6,12.2060726455302,0,1,1,1
"1490",1490,1,5,11.6952428550888,0,1,1,1
"1491",1491,1,0,12.2060726455302,0,1,1,0
"1492",1492,0,6,12.2060726455302,1,1,1,1
"1493",1493,1,4,9.32807896220044,1,1,0,1
"1494",1494,0,NA,9.10492429921953,1,0,0,NA
"1495",1495,0,4,10.2219231016712,1,0,0,1
"1496",1496,1,3,10.7144066575796,1,0,1,0
"1497",1497,0,0,9.32807896220044,0,0,0,NA
"1498",1498,1,2,10.5320828785363,1,0,0,NA
"1499",1499,0,0,10.2219231016712,1,1,1,0
"1500",1500,1,2,10.0753167566096,0,0,1,NA
"1501",1501,1,2,10.0753167566096,0,0,0,0
"1502",1502,1,6,11.6952428550888,1,0,1,1
"1503",1503,1,1,10.2219231016712,1,0,0,0
"1504",1504,1,0,10.9150793732642,1,1,1,0
"1505",1505,0,2,10.5320828785363,0,0,0,NA
"1506",1506,NA,3,10.7144066575796,1,0,1,NA
"1507",1507,1,1,10.2219231016712,1,0,0,NA
"1508",1508,0,5,9.69581741805373,1,0,1,NA
"1509",1509,0,3,10.2219231016712,1,0,0,0
"1510",1510,0,1,9.83892236437633,1,0,1,NA
"1511",1511,0,2,10.7144066575796,1,0,0,0
"1512",1512,1,3,9.96408864466398,1,0,0,1
"1513",1513,0,3,10.7144066575796,0,0,1,0
"1514",1514,0,3,NA,1,0,1,NA
"1515",1515,-1,5,10.3889799835841,1,0,0,NA
"1516",1516,-1,0,10.2219231016712,0,0,0,NA
"1517",1517,0,3,10.0753167566096,1,0,0,NA
"1518",1518,1,0,11.1198754694258,1,0,0,0
"1519",1519,0,3,11.1198754694258,1,0,1,NA
"1520",1520,0,2,11.5129204649577,1,0,0,NA
"1521",1521,0,6,9.52875773879718,1,0,0,1
"1522",1522,-1,4,8.16037538012959,1,0,0,NA
"1523",1523,0,0,10.5320828785363,1,0,0,0
"1524",1524,-1,6,11.1198754694258,0,0,1,1
"1525",1525,0,0,NA,1,0,1,0
"1526",1526,-1,1,11.5129204649577,1,0,1,NA
"1527",1527,1,4,9.10492429921953,1,0,1,1
"1528",1528,0,6,NA,0,0,1,1
"1529",1529,0,6,10.5320828785363,0,0,0,NA
"1530",1530,0,6,9.52875773879718,1,0,0,1
"1531",1531,0,3,6.21460809842219,1,0,0,NA
"1532",1532,0,4,9.96408864466398,1,0,0,NA
"1533",1533,1,0,11.1198754694258,1,0,0,0
"1534",1534,1,3,11.6952428550888,0,0,0,0
"1535",1535,-1,4,NA,0,0,1,NA
"1536",1536,0,NA,10.9150793732642,1,0,1,NA
"1537",1537,0,1,9.32807896220044,0,0,0,1
"1538",1538,0,6,6.21460809842219,1,0,0,0
"1539",1539,-1,4,9.83892236437633,0,0,1,NA
"1540",1540,0,3,NA,1,0,0,NA
"1541",1541,0,0,11.982929094216,1,1,1,0
"1542",1542,-1,3,11.1198754694258,0,0,0,0
"1543",1543,-1,1,11.6952428550888,0,1,1,NA
"1544",1544,NA,3,8.92259163063542,1,0,0,NA
"1545",1545,-1,NA,11.1198754694258,0,1,0,1
"1546",1546,0,6,NA,1,0,1,NA
"1547",1547,0,NA,11.5129204649577,1,0,1,NA
"1548",1548,0,5,8.16037538012959,0,0,1,NA
"1549",1549,-1,5,11.1198754694258,0,0,1,1
"1550",1550,1,3,10.9150793732642,0,1,0,NA
"1551",1551,0,6,10.5320828785363,1,0,0,1
"1552",1552,0,5,10.5320828785363,1,0,1,1
"1553",1553,0,0,9.32807896220044,1,0,0,0
"1554",1554,1,6,10.9150793732642,1,0,1,1
"1555",1555,-1,6,12.2060726455302,1,1,1,1
"1556",1556,0,5,12.2060726455302,0,1,1,1
"1557",1557,0,5,11.5129204649577,0,0,0,1
"1558",1558,0,4,11.5129204649577,1,1,1,1
"1559",1559,1,5,NA,0,0,0,NA
"1560",1560,0,3,9.83892236437633,1,0,0,0
"1561",1561,1,0,11.3205475116983,1,1,1,0
"1562",1562,1,5,11.8493941301565,0,0,1,1
"1563",1563,0,0,11.1198754694258,1,1,1,0
"1564",1564,0,4,11.5129204649577,1,1,0,0
"1565",1565,0,1,11.1198754694258,1,0,1,0
"1566",1566,-1,0,10.7144066575796,0,0,1,0
"1567",1567,0,0,10.9150793732642,0,1,0,0
"1568",1568,0,5,11.3205475116983,0,0,1,NA
"1569",1569,0,2,9.52875773879718,1,0,0,1
"1570",1570,0,1,10.7144066575796,0,1,0,0
"1571",1571,0,0,9.32807896220044,1,0,0,0
"1572",1572,0,0,10.9150793732642,0,0,0,NA
"1573",1573,-1,2,NA,0,0,0,NA
"1574",1574,1,0,10.0753167566096,1,0,1,0
"1575",1575,0,0,NA,1,1,0,0
"1576",1576,0,0,9.69581741805373,0,0,1,0
"1577",1577,0,0,9.52875773879718,1,0,0,0
"1578",1578,1,0,11.1198754694258,1,0,1,0
"1579",1579,-1,2,10.7144066575796,1,0,1,NA
"1580",1580,0,3,10.9150793732642,0,0,1,1
"1581",1581,-1,6,11.3205475116983,0,0,1,1
"1582",1582,-1,4,10.9150793732642,0,0,1,1
"1583",1583,0,5,10.9150793732642,0,0,0,1
"1584",1584,-1,6,11.8493941301565,0,0,0,1
"1585",1585,0,0,10.9150793732642,1,1,1,0
"1586",1586,1,3,9.83892236437633,1,0,1,NA
"1587",1587,0,1,11.5129204649577,0,0,0,0
"1588",1588,0,0,8.411721558474,1,0,0,0
"1589",1589,-1,6,11.6952428550888,0,0,0,1
"1590",1590,1,0,10.5320828785363,0,1,0,0
"1591",1591,0,3,11.1198754694258,0,1,0,NA
"1592",1592,1,1,9.83892236437633,1,0,0,NA
"1593",1593,0,3,9.52875773879718,0,0,1,0
"1594",1594,1,0,11.1198754694258,1,1,0,0
"1595",1595,0,5,12.2060726455302,1,1,1,1
"1596",1596,0,6,11.1198754694258,1,0,0,1
"1597",1597,0,0,9.69581741805373,1,0,0,0
"1598",1598,-1,6,9.32807896220044,1,0,0,1
"1599",1599,-1,3,9.52875773879718,1,0,0,NA
"1600",1600,0,1,10.5320828785363,1,0,0,NA
"1601",1601,0,3,10.0753167566096,0,1,1,1
"1602",1602,1,2,10.0753167566096,0,0,1,1
"1603",1603,-1,0,NA,1,1,0,NA
"1604",1604,0,0,9.10492429921953,1,1,0,0
"1605",1605,0,6,NA,1,0,0,NA
"1606",1606,1,3,10.5320828785363,1,1,0,NA
"1607",1607,1,2,NA,0,0,0,NA
"1608",1608,0,3,NA,0,0,0,NA
"1609",1609,0,2,10.9150793732642,1,0,0,0
"1610",1610,0,3,9.83892236437633,0,0,0,NA
"1611",1611,0,3,11.1198754694258,0,0,0,NA
"1612",1612,0,2,NA,0,0,0,NA
"1613",1613,NA,6,10.9150793732642,1,0,1,NA
"1614",1614,-1,2,10.9150793732642,1,0,1,0
"1615",1615,-1,1,NA,1,0,0,0
"1616",1616,0,5,11.6952428550888,0,0,1,1
"1617",1617,0,NA,11.5129204649577,0,0,0,NA
"1618",1618,0,2,9.96408864466398,0,0,0,0
"1619",1619,-1,4,NA,1,1,1,1
"1620",1620,1,4,12.2060726455302,0,1,1,NA
"1621",1621,0,5,12.2060726455302,1,1,1,1
"1622",1622,1,1,11.8493941301565,0,1,1,0
"1623",1623,1,1,11.1198754694258,1,1,1,0
"1624",1624,0,5,12.2060726455302,1,1,1,1
"1625",1625,1,1,11.5129204649577,0,0,0,0
"1626",1626,-1,2,9.96408864466398,1,0,0,1
"1627",1627,0,NA,9.32807896220044,1,0,0,0
"1628",1628,1,6,NA,0,0,0,NA
"1629",1629,-1,6,10.9150793732642,0,0,1,1
"1630",1630,0,2,10.7144066575796,1,0,1,NA
"1631",1631,-1,4,10.3889799835841,1,0,1,0
"1632",1632,-1,6,NA,0,0,0,1
"1633",1633,0,3,10.5320828785363,1,0,1,NA
"1634",1634,0,3,11.5129204649577,0,0,0,NA
"1635",1635,-1,6,10.0753167566096,1,0,0,NA
"1636",1636,1,5,10.9150793732642,1,0,0,1
"1637",1637,NA,5,12.2060726455302,1,1,1,1
"1638",1638,0,3,11.5129204649577,0,1,1,NA
"1639",1639,0,1,10.0753167566096,1,0,0,0
"1640",1640,-1,6,9.83892236437633,0,0,1,1
"1641",1641,-1,1,10.2219231016712,1,0,0,1
"1642",1642,0,6,10.7144066575796,0,1,1,1
"1643",1643,1,1,11.1198754694258,1,1,1,0
"1644",1644,-1,NA,11.1198754694258,0,0,1,NA
"1645",1645,1,0,10.7144066575796,1,0,0,NA
"1646",1646,1,4,9.32807896220044,0,0,0,1
"1647",1647,0,NA,10.3889799835841,0,0,0,NA
"1648",1648,0,5,10.9150793732642,1,0,0,1
"1649",1649,0,1,10.2219231016712,1,0,0,NA
"1650",1650,0,4,11.1198754694258,1,0,0,1
"1651",1651,1,0,9.96408864466398,1,0,0,0
"1652",1652,0,3,10.0753167566096,1,0,0,NA
"1653",1653,0,1,10.3889799835841,1,0,0,0
"1654",1654,0,0,11.1198754694258,1,0,1,1
"1655",1655,1,6,11.8493941301565,0,1,1,1
"1656",1656,0,2,9.32807896220044,0,0,1,NA
"1657",1657,0,3,10.9150793732642,0,0,1,NA
"1658",1658,0,6,10.7144066575796,0,1,0,1
"1659",1659,1,3,10.9150793732642,0,0,1,1
"1660",1660,1,0,10.0753167566096,0,0,0,0
"1661",1661,0,4,NA,0,0,0,1
"1662",1662,0,2,9.83892236437633,1,0,0,1
"1663",1663,0,1,11.6952428550888,0,0,0,0
"1664",1664,-1,6,11.5129204649577,1,1,0,1
"1665",1665,0,4,10.7144066575796,0,0,0,NA
"1666",1666,0,5,9.10492429921953,1,0,0,NA
"1667",1667,-1,6,11.1198754694258,1,0,0,1
"1668",1668,0,2,9.52875773879718,1,0,1,NA
"1669",1669,1,1,11.982929094216,0,1,1,0
"1670",1670,-1,5,11.1198754694258,1,0,1,NA
"1671",1671,0,0,10.9150793732642,0,0,0,NA
"1672",1672,0,4,11.3205475116983,1,1,0,NA
"1673",1673,-1,4,11.1198754694258,0,1,1,NA
"1674",1674,0,6,11.6952428550888,0,1,0,1
"1675",1675,-1,6,11.6952428550888,0,1,1,1
"1676",1676,0,5,10.2219231016712,0,1,0,1
"1677",1677,-1,5,10.5320828785363,1,0,1,NA
"1678",1678,1,0,10.9150793732642,1,1,1,0
"1679",1679,0,3,10.5320828785363,0,1,0,0
"1680",1680,-1,3,11.6952428550888,0,0,1,NA
"1681",1681,1,0,11.8493941301565,0,1,1,0
"1682",1682,0,NA,11.3205475116983,0,1,1,NA
"1683",1683,-1,NA,10.5320828785363,0,0,1,NA
"1684",1684,0,6,NA,1,0,1,1
"1685",1685,1,3,10.9150793732642,1,0,0,NA
"1686",1686,NA,4,11.3205475116983,0,1,1,1
"1687",1687,1,0,11.1198754694258,0,0,0,0
"1688",1688,-1,6,11.1198754694258,0,0,0,1
"1689",1689,-1,NA,6.21460809842219,1,0,0,NA
"1690",1690,0,3,NA,0,1,0,1
"1691",1691,1,6,9.69581741805373,1,0,0,NA
"1692",1692,0,1,NA,0,0,1,1
"1693",1693,1,4,10.9150793732642,1,1,0,1
"1694",1694,1,1,11.1198754694258,1,1,0,0
"1695",1695,0,1,7.60065242828687,0,0,0,NA
"1696",1696,0,0,NA,1,0,0,0
"1697",1697,0,1,9.10492429921953,1,0,0,NA
"1698",1698,0,3,8.16037538012959,0,0,0,NA
"1699",1699,0,NA,9.52875773879718,1,0,1,NA
"1700",1700,1,2,10.9150793732642,0,0,1,NA
"1701",1701,0,1,9.52875773879718,1,0,1,0
"1702",1702,0,4,11.3205475116983,0,1,0,0
"1703",1703,0,1,10.7144066575796,0,0,0,0
"1704",1704,1,1,8.16037538012959,1,0,0,NA
"1705",1705,NA,NA,10.2219231016712,0,0,0,NA
"1706",1706,0,4,11.6952428550888,0,1,1,NA
"1707",1707,0,4,9.10492429921953,0,1,0,NA
"1708",1708,1,2,10.2219231016712,0,0,0,0
"1709",1709,1,1,11.3205475116983,1,1,1,0
"1710",1710,1,NA,7.60065242828687,1,1,0,NA
"1711",1711,0,3,10.5320828785363,0,0,0,NA
"1712",1712,0,3,8.411721558474,1,0,0,NA
"1713",1713,1,6,10.9150793732642,0,0,0,0
"1714",1714,1,0,12.2060726455302,1,1,0,0
"1715",1715,1,2,NA,0,0,0,0
"1716",1716,1,2,7.60065242828687,0,0,0,0
"1717",1717,1,1,7.60065242828687,0,0,0,NA
"1718",1718,1,1,8.61241245799717,0,1,0,0
"1719",1719,0,2,10.2219231016712,0,0,0,NA
"1720",1720,1,2,10.0753167566096,1,0,1,0
"1721",1721,0,2,10.2219231016712,1,0,0,0
"1722",1722,0,3,11.1198754694258,0,0,0,NA
"1723",1723,1,0,11.3205475116983,0,0,1,0
"1724",1724,1,0,10.7144066575796,0,0,0,0
"1725",1725,1,3,10.9150793732642,1,0,1,NA
"1726",1726,0,NA,10.9150793732642,0,1,0,NA
"1727",1727,1,2,10.0753167566096,0,0,0,NA
"1728",1728,-1,2,9.10492429921953,1,0,0,1
"1729",1729,1,5,9.32807896220044,0,0,0,NA
"1730",1730,0,1,10.3889799835841,0,1,0,NA
"1731",1731,0,6,10.7144066575796,1,1,0,1
"1732",1732,0,5,11.1198754694258,1,1,1,1
"1733",1733,0,4,11.1198754694258,0,0,1,1
"1734",1734,0,5,11.3205475116983,1,0,1,1
"1735",1735,-1,5,11.1198754694258,0,0,1,1
"1736",1736,-1,4,11.3205475116983,1,0,1,1
"1737",1737,1,0,11.3205475116983,1,0,1,0
"1738",1738,-1,6,11.3205475116983,1,1,1,1
"1739",1739,1,2,10.7144066575796,0,1,0,NA
"1740",1740,-1,6,7.60065242828687,0,0,0,NA
"1741",1741,1,1,9.52875773879718,1,0,0,0
"1742",1742,1,5,10.9150793732642,1,1,0,NA
"1743",1743,0,NA,6.21460809842219,1,0,0,NA
"1744",1744,1,2,11.8493941301565,0,1,1,0
"1745",1745,0,1,10.7144066575796,1,1,0,0
"1746",1746,0,1,9.83892236437633,1,0,0,0
"1747",1747,0,0,9.52875773879718,0,0,0,0
"1748",1748,0,4,10.7144066575796,0,0,0,1
"1749",1749,0,4,9.96408864466398,0,0,0,NA
"1750",1750,-1,6,11.5129204649577,0,0,1,1
"1751",1751,0,1,10.2219231016712,1,0,0,0
"1752",1752,1,4,12.2060726455302,1,1,1,1
"1753",1753,1,5,11.8493941301565,1,1,1,1
"1754",1754,1,1,11.5129204649577,1,0,0,0
"1755",1755,0,NA,11.3205475116983,1,0,0,NA
"1756",1756,0,3,11.3205475116983,1,1,1,0
"1757",1757,0,2,10.0753167566096,0,0,1,0
"1758",1758,0,2,11.1198754694258,1,1,0,0
"1759",1759,-1,2,7.60065242828687,1,1,0,0
"1760",1760,-1,6,11.982929094216,0,0,1,1
"1761",1761,1,1,11.982929094216,1,1,1,0
"1762",1762,1,2,11.3205475116983,1,0,1,0
"1763",1763,1,3,12.2060726455302,0,1,1,1
"1764",1764,-1,6,10.9150793732642,1,0,0,1
"1765",1765,-1,5,10.9150793732642,0,0,1,1
"1766",1766,1,3,10.9150793732642,1,0,1,NA
"1767",1767,0,4,10.3889799835841,0,0,1,NA
"1768",1768,0,4,10.7144066575796,1,0,0,NA
"1769",1769,0,3,11.5129204649577,0,0,1,1
"1770",1770,1,1,11.982929094216,0,0,0,NA
"1771",1771,1,3,11.5129204649577,0,0,0,NA
"1772",1772,1,0,10.5320828785363,1,1,0,0
"1773",1773,0,4,9.96408864466398,1,0,0,NA
"1774",1774,0,5,10.7144066575796,1,0,0,1
"1775",1775,0,0,10.5320828785363,0,0,1,0
"1776",1776,1,0,12.2060726455302,0,0,1,0
"1777",1777,0,5,10.7144066575796,0,0,0,1
"1778",1778,-1,NA,10.2219231016712,1,0,1,NA
"1779",1779,1,2,10.9150793732642,0,1,0,0
"1780",1780,0,4,10.7144066575796,1,0,0,NA
"1781",1781,0,6,11.6952428550888,0,1,1,1
"1782",1782,-1,6,10.2219231016712,1,0,0,NA
"1783",1783,1,2,10.2219231016712,1,0,0,NA
"1784",1784,0,5,9.96408864466398,1,0,0,1
"1785",1785,NA,3,11.982929094216,1,1,1,NA
"1786",1786,0,5,11.3205475116983,1,0,1,1
"1787",1787,-1,4,11.6952428550888,1,1,1,NA
"1788",1788,NA,5,11.6952428550888,1,1,1,NA
"1789",1789,0,6,11.1198754694258,0,1,0,1
"1790",1790,-1,6,11.1198754694258,1,1,1,1
"1791",1791,0,2,11.5129204649577,1,1,1,NA
"1792",1792,1,5,10.9150793732642,1,0,0,NA
"1793",1793,0,0,11.1198754694258,0,0,1,0
"1794",1794,0,3,11.1198754694258,0,0,0,1
"1795",1795,-1,5,9.10492429921953,1,0,0,NA
"1796",1796,0,6,11.6952428550888,0,1,1,1
"1797",1797,1,0,11.3205475116983,1,0,0,0
"1798",1798,0,6,NA,1,1,0,NA
"1799",1799,0,3,11.3205475116983,1,1,1,0
"1800",1800,1,3,10.3889799835841,0,0,0,NA
"1801",1801,1,1,10.7144066575796,1,0,0,0
"1802",1802,1,5,10.7144066575796,1,0,1,1
"1803",1803,-1,4,11.6952428550888,0,1,1,1
"1804",1804,1,6,11.8493941301565,1,1,1,1
"1805",1805,1,2,11.5129204649577,0,1,1,0
"1806",1806,1,4,11.3205475116983,1,1,1,1
"1807",1807,NA,1,11.1198754694258,1,1,1,0
"1808",1808,1,NA,9.96408864466398,1,0,0,NA
"1809",1809,1,5,11.6952428550888,1,1,1,NA
"1810",1810,1,5,11.982929094216,0,1,1,1
"1811",1811,-1,2,11.1198754694258,0,0,1,0
"1812",1812,1,2,11.6952428550888,1,1,1,0
"1813",1813,0,3,10.5320828785363,0,1,0,NA
"1814",1814,1,4,11.1198754694258,1,1,0,0
"1815",1815,0,2,9.10492429921953,0,0,0,NA
"1816",1816,-1,6,10.3889799835841,0,0,0,1
"1817",1817,0,0,10.5320828785363,0,0,0,1
"1818",1818,1,2,11.5129204649577,0,0,0,NA
"1819",1819,1,0,9.69581741805373,0,0,0,0
"1820",1820,0,0,9.32807896220044,0,0,0,NA
"1821",1821,-1,4,9.69581741805373,0,0,1,NA
"1822",1822,0,6,11.982929094216,0,1,0,1
"1823",1823,1,6,9.96408864466398,0,0,1,1
"1824",1824,1,NA,NA,0,0,1,NA
"1825",1825,1,4,11.982929094216,1,0,1,NA
"1826",1826,0,3,NA,1,0,1,NA
"1827",1827,1,4,11.6952428550888,1,1,1,0
"1828",1828,-1,4,10.2219231016712,1,0,1,1
"1829",1829,-1,6,11.8493941301565,1,1,0,1
"1830",1830,1,1,10.3889799835841,0,0,0,NA
"1831",1831,-1,6,11.1198754694258,1,0,1,1
"1832",1832,1,0,10.9150793732642,1,1,0,0
"1833",1833,0,3,9.69581741805373,1,0,0,NA
"1834",1834,0,0,9.32807896220044,0,0,0,NA
"1835",1835,-1,3,9.96408864466398,0,0,0,NA
"1836",1836,0,4,9.96408864466398,1,0,0,0
"1837",1837,0,3,11.3205475116983,1,0,1,1
"1838",1838,0,5,NA,1,0,1,NA
"1839",1839,-1,6,10.5320828785363,0,0,0,1
"1840",1840,1,5,10.3889799835841,0,1,0,1
"1841",1841,0,4,9.83892236437633,0,0,0,1
"1842",1842,1,0,11.6952428550888,1,1,0,0
"1843",1843,0,6,8.77948052984807,1,0,0,1
"1844",1844,1,0,10.0753167566096,1,0,0,0
"1845",1845,0,0,10.7144066575796,0,1,0,0
"1846",1846,0,1,9.32807896220044,1,0,0,0
"1847",1847,0,0,10.7144066575796,0,0,0,0
"1848",1848,-1,5,10.2219231016712,1,0,0,1
"1849",1849,0,0,10.7144066575796,0,0,0,0
"1850",1850,0,0,9.10492429921953,0,0,1,1
"1851",1851,0,2,10.5320828785363,0,0,1,NA
"1852",1852,0,3,8.16037538012959,1,0,0,NA
"1853",1853,0,5,10.2219231016712,0,0,0,1
"1854",1854,0,3,11.5129204649577,1,0,1,0
"1855",1855,0,2,10.9150793732642,0,1,0,1
"1856",1856,-1,4,12.2060726455302,1,0,1,1
"1857",1857,0,5,10.7144066575796,0,0,0,1
"1858",1858,1,0,11.1198754694258,1,1,0,0
"1859",1859,0,3,9.96408864466398,1,0,1,NA
"1860",1860,1,3,10.9150793732642,1,1,0,NA
"1861",1861,0,3,8.92259163063542,1,0,0,NA
"1862",1862,0,2,7.60065242828687,1,0,0,NA
"1863",1863,-1,2,11.3205475116983,1,1,1,NA
"1864",1864,0,6,11.8493941301565,0,0,0,1
"1865",1865,0,NA,10.9150793732642,1,0,1,NA
"1866",1866,1,6,10.7144066575796,0,0,1,1
"1867",1867,-1,3,8.411721558474,1,0,0,NA
"1868",1868,0,5,11.1198754694258,0,0,1,NA
"1869",1869,1,1,11.1198754694258,1,0,0,0
"1870",1870,0,2,10.7144066575796,1,0,0,0
"1871",1871,-1,3,11.982929094216,0,1,0,NA
"1872",1872,1,4,10.7144066575796,0,1,1,1
"1873",1873,0,3,10.2219231016712,1,0,0,NA
"1874",1874,0,1,10.7144066575796,0,0,1,NA
"1875",1875,-1,4,11.3205475116983,1,0,1,NA
"1876",1876,-1,NA,10.3889799835841,1,0,1,NA
"1877",1877,0,0,9.52875773879718,1,0,0,0
"1878",1878,0,3,10.9150793732642,0,0,0,NA
"1879",1879,0,3,10.7144066575796,1,0,0,NA
"1880",1880,0,6,8.61241245799717,1,0,0,NA
"1881",1881,1,2,9.52875773879718,1,0,0,NA
"1882",1882,0,1,8.92259163063542,1,0,0,NA
"1883",1883,-1,4,10.3889799835841,1,0,1,NA
"1884",1884,0,4,8.77948052984807,0,0,0,NA
"1885",1885,-1,3,11.3205475116983,0,0,1,NA
"1886",1886,1,1,11.1198754694258,1,0,0,NA
"1887",1887,0,6,11.6952428550888,1,0,1,1
"1888",1888,NA,4,11.6952428550888,1,0,0,0
"1889",1889,0,3,11.5129204649577,0,0,1,NA
"1890",1890,-1,4,10.5320828785363,1,0,1,NA
"1891",1891,-1,2,10.3889799835841,0,0,0,NA
"1892",1892,0,3,10.7144066575796,0,0,0,NA
"1893",1893,-1,3,10.0753167566096,0,0,0,NA
"1894",1894,0,1,7.60065242828687,1,0,0,NA
"1895",1895,0,0,9.32807896220044,1,0,0,NA
"1896",1896,0,3,10.0753167566096,1,0,0,1
"1897",1897,0,1,11.1198754694258,0,0,0,NA
"1898",1898,0,6,10.2219231016712,1,0,0,NA
"1899",1899,0,1,11.8493941301565,1,0,1,NA
"1900",1900,0,1,8.411721558474,0,0,0,0
"1901",1901,0,5,11.3205475116983,0,0,1,0
"1902",1902,0,3,9.10492429921953,1,0,0,NA
"1903",1903,-1,3,11.982929094216,1,0,1,NA
"1904",1904,0,1,11.3205475116983,0,0,1,NA
"1905",1905,0,3,9.32807896220044,1,0,0,NA
"1906",1906,-1,1,11.1198754694258,0,0,1,NA
"1907",1907,-1,6,11.6952428550888,0,0,0,1
"1908",1908,0,3,10.5320828785363,1,0,0,NA
"1909",1909,0,5,11.8493941301565,0,1,1,1
"1910",1910,0,6,11.5129204649577,1,0,1,1
"1911",1911,0,2,12.2060726455302,0,1,0,NA
"1912",1912,1,2,11.3205475116983,1,1,1,NA
"1913",1913,1,0,10.9150793732642,1,0,0,0
"1914",1914,1,6,11.5129204649577,0,0,0,NA
"1915",1915,1,0,9.83892236437633,0,0,0,NA
"1916",1916,1,NA,NA,0,1,1,NA
"1917",1917,1,6,11.982929094216,1,0,1,1
"1918",1918,0,3,NA,0,0,0,NA
"1919",1919,0,1,10.7144066575796,0,0,0,0
"1920",1920,0,4,10.9150793732642,0,0,0,NA
"1921",1921,0,1,11.1198754694258,1,0,1,NA
"1922",1922,-1,5,11.1198754694258,0,0,0,0
"1923",1923,1,0,11.3205475116983,1,1,0,0
"1924",1924,0,1,NA,1,0,0,0
"1925",1925,0,1,10.7144066575796,0,0,0,1
"1926",1926,1,3,11.3205475116983,1,1,0,NA
"1927",1927,1,3,11.3205475116983,0,0,0,NA
"1928",1928,1,3,10.7144066575796,1,0,0,NA
"1929",1929,1,NA,NA,0,0,0,NA
"1930",1930,0,6,10.9150793732642,1,1,0,1
"1931",1931,1,0,11.6952428550888,0,0,1,0
"1932",1932,1,0,11.6952428550888,1,1,1,0
"1933",1933,-1,3,NA,1,0,0,NA
"1934",1934,1,1,10.5320828785363,1,1,0,0
"1935",1935,0,4,9.69581741805373,1,0,0,NA
"1936",1936,1,0,NA,0,1,1,NA
"1937",1937,0,5,12.2060726455302,1,1,1,1
"1938",1938,1,1,11.6952428550888,1,1,1,0
"1939",1939,1,3,11.982929094216,0,1,1,NA
"1940",1940,1,6,NA,1,1,1,1
"1941",1941,0,5,11.8493941301565,0,1,1,1
"1942",1942,0,1,NA,1,0,0,NA
"1943",1943,-1,6,11.1198754694258,1,1,1,1
"1944",1944,1,1,11.3205475116983,1,0,1,NA
"1945",1945,-1,5,11.8493941301565,1,1,1,NA
"1946",1946,NA,3,12.2060726455302,0,1,1,0
"1947",1947,0,NA,7.60065242828687,0,0,0,0
"1948",1948,1,1,9.52875773879718,0,1,0,NA
"1949",1949,1,6,10.3889799835841,0,0,1,1
"1950",1950,1,NA,11.5129204649577,0,1,0,NA
"1951",1951,1,1,9.32807896220044,1,0,0,0
"1952",1952,-1,5,10.9150793732642,1,1,0,1
"1953",1953,-1,4,9.52875773879718,0,0,0,1
"1954",1954,-1,6,NA,1,0,0,1
"1955",1955,1,4,10.9150793732642,0,0,0,NA
"1956",1956,1,2,10.9150793732642,1,0,0,NA
"1957",1957,1,5,11.1198754694258,1,1,0,NA
"1958",1958,0,6,10.5320828785363,0,0,0,1
"1959",1959,NA,0,9.69581741805373,0,0,1,1
"1960",1960,1,0,11.5129204649577,0,0,1,NA
"1961",1961,0,5,10.3889799835841,1,0,0,1
"1962",1962,NA,3,10.5320828785363,0,0,1,NA
"1963",1963,-1,3,NA,0,1,1,NA
"1964",1964,-1,3,11.3205475116983,1,0,0,NA
"1965",1965,0,3,10.7144066575796,0,0,1,NA
"1966",1966,-1,1,11.1198754694258,1,0,1,0
"1967",1967,-1,3,10.0753167566096,1,0,1,NA
"1968",1968,1,0,9.96408864466398,1,0,0,0
"1969",1969,1,3,9.96408864466398,1,0,0,NA
"1970",1970,1,NA,NA,1,1,0,0
"1971",1971,0,5,11.6952428550888,1,0,0,NA
"1972",1972,1,2,11.3205475116983,0,0,0,0
"1973",1973,1,0,9.69581741805373,0,0,0,0
"1974",1974,0,4,10.9150793732642,0,0,1,1
"1975",1975,1,3,NA,1,0,1,NA
"1976",1976,-1,6,11.3205475116983,1,0,1,1
"1977",1977,0,5,10.3889799835841,0,0,0,NA
"1978",1978,0,4,10.7144066575796,0,1,0,1
"1979",1979,0,3,9.10492429921953,0,0,0,NA
"1980",1980,-1,3,10.2219231016712,1,0,1,NA
"1981",1981,-1,0,9.32807896220044,0,0,0,0
"1982",1982,1,0,7.60065242828687,0,0,0,0
"1983",1983,1,2,11.3205475116983,0,1,0,0
"1984",1984,1,2,10.7144066575796,1,1,0,NA
"1985",1985,0,4,NA,1,0,0,NA
"1986",1986,0,2,10.2219231016712,1,0,1,0
"1987",1987,1,3,9.52875773879718,1,0,0,NA
"1988",1988,-1,5,8.61241245799717,1,0,0,NA
"1989",1989,-1,3,10.0753167566096,0,0,0,NA
"1990",1990,0,1,10.9150793732642,1,0,0,0
"1991",1991,0,6,9.10492429921953,0,0,0,NA
"1992",1992,0,3,8.61241245799717,0,0,0,NA
"1993",1993,1,3,NA,0,0,0,NA
"1994",1994,1,3,10.5320828785363,1,0,0,NA
"1995",1995,0,3,9.32807896220044,0,0,0,NA
"1996",1996,1,2,11.5129204649577,1,0,1,0
"1997",1997,0,1,10.9150793732642,0,0,1,0
"1998",1998,1,0,10.9150793732642,1,1,0,0
"1999",1999,1,0,10.5320828785363,1,1,0,0
"2000",2000,1,0,10.2219231016712,1,0,0,0
"2001",2001,-1,6,9.52875773879718,0,0,1,1
"2002",2002,1,0,10.7144066575796,1,0,0,0
"2003",2003,0,5,12.2060726455302,1,1,1,1
"2004",2004,0,6,11.6952428550888,1,1,1,1
"2005",2005,1,0,10.9150793732642,0,0,1,0
"2006",2006,1,5,10.9150793732642,1,0,1,1
"2007",2007,1,1,9.32807896220044,1,1,0,NA
"2008",2008,1,0,11.1198754694258,1,1,0,0
"2009",2009,1,0,8.61241245799717,1,0,0,NA
"2010",2010,0,2,9.10492429921953,1,0,0,NA
"2011",2011,1,0,6.21460809842219,0,0,0,NA
"2012",2012,-1,6,11.6952428550888,1,1,1,1
"2013",2013,1,0,9.83892236437633,0,1,0,0
"2014",2014,-1,NA,NA,0,0,1,NA
"2015",2015,NA,3,10.7144066575796,0,0,1,NA
"2016",2016,-1,6,9.96408864466398,1,0,1,1
"2017",2017,0,6,11.3205475116983,1,0,0,1
"2018",2018,1,6,11.1198754694258,0,0,1,1
"2019",2019,0,6,12.2060726455302,0,1,1,1
"2020",2020,1,5,11.6952428550888,0,0,1,0
"2021",2021,1,1,10.3889799835841,0,0,0,NA
"2022",2022,-1,5,11.3205475116983,1,0,1,1
"2023",2023,0,5,10.7144066575796,0,1,0,1
"2024",2024,1,2,11.5129204649577,0,0,0,0
"2025",2025,0,6,12.2060726455302,0,1,1,1
"2026",2026,1,3,11.1198754694258,1,1,0,NA
"2027",2027,0,0,10.7144066575796,0,1,0,NA
"2028",2028,1,1,11.982929094216,1,1,0,0
"2029",2029,1,3,9.96408864466398,1,0,0,NA
"2030",2030,0,NA,9.10492429921953,0,1,1,NA
"2031",2031,1,2,11.3205475116983,1,0,1,NA
"2032",2032,1,0,10.7144066575796,1,1,0,NA
"2033",2033,1,0,10.9150793732642,0,0,1,NA
"2034",2034,1,0,10.3889799835841,1,0,1,NA
"2035",2035,0,0,11.5129204649577,1,0,1,0
"2036",2036,1,2,10.3889799835841,1,0,0,NA
"2037",2037,1,1,10.2219231016712,0,0,0,NA
"2038",2038,0,6,10.3889799835841,0,0,0,1
"2039",2039,1,3,9.96408864466398,0,0,0,NA
"2040",2040,1,0,12.2060726455302,1,0,0,NA
"2041",2041,0,6,12.2060726455302,0,1,1,1
"2042",2042,1,0,12.2060726455302,0,1,1,0
"2043",2043,1,2,10.3889799835841,0,0,0,0
"2044",2044,0,3,10.9150793732642,0,0,0,NA
"2045",2045,1,1,9.69581741805373,0,0,0,0
"2046",2046,0,5,10.9150793732642,1,0,0,1
"2047",2047,0,5,11.6952428550888,1,1,1,1
"2048",2048,1,0,9.52875773879718,1,0,0,0
"2049",2049,-1,3,11.1198754694258,0,0,1,1
"2050",2050,1,5,10.7144066575796,0,0,0,1
"2051",2051,-1,NA,10.7144066575796,0,0,1,NA
"2052",2052,1,2,9.52875773879718,1,0,0,NA
"2053",2053,0,6,11.1198754694258,0,0,1,1
"2054",2054,0,3,11.5129204649577,1,0,1,NA
"2055",2055,1,6,10.2219231016712,0,0,0,NA
"2056",2056,1,2,10.2219231016712,0,0,0,NA
"2057",2057,0,6,9.69581741805373,1,0,0,1
"2058",2058,0,3,10.7144066575796,1,0,1,NA
"2059",2059,0,4,NA,1,0,1,1
"2060",2060,0,5,10.7144066575796,0,0,0,NA
"2061",2061,1,2,9.96408864466398,1,0,0,NA
"2062",2062,1,NA,10.5320828785363,1,0,0,NA
"2063",2063,0,0,10.9150793732642,1,0,0,NA
"2064",2064,0,5,10.9150793732642,1,1,1,1
"2065",2065,0,NA,11.1198754694258,1,0,0,1
"2066",2066,0,4,8.16037538012959,0,0,0,NA
"2067",2067,-1,4,8.411721558474,0,0,1,NA
"2068",2068,0,2,9.96408864466398,1,0,0,NA
"2069",2069,0,4,10.9150793732642,1,0,1,NA
"2070",2070,1,2,9.52875773879718,1,0,0,1
"2071",2071,0,4,9.83892236437633,1,0,0,NA
"2072",2072,0,1,NA,1,0,0,NA
"2073",2073,1,2,9.96408864466398,1,0,1,NA
"2074",2074,1,4,9.96408864466398,0,0,0,NA
"2075",2075,0,4,10.0753167566096,1,0,0,0
"2076",2076,1,1,10.3889799835841,1,0,0,0
"2077",2077,0,2,10.9150793732642,0,1,0,0
"2078",2078,0,3,11.3205475116983,1,0,1,NA
"2079",2079,NA,3,NA,0,0,0,1
"2080",2080,0,2,10.2219231016712,0,0,1,NA
"2081",2081,1,3,9.32807896220044,1,0,1,1
"2082",2082,0,6,10.9150793732642,1,0,1,1
"2083",2083,0,NA,10.9150793732642,0,0,1,1
"2084",2084,NA,6,11.5129204649577,0,1,1,1
"2085",2085,1,5,NA,1,0,1,1
"2086",2086,0,5,10.2219231016712,1,0,1,NA
"2087",2087,0,5,10.9150793732642,0,0,1,NA
"2088",2088,1,6,11.1198754694258,0,0,1,1
"2089",2089,-1,4,9.83892236437633,0,0,1,1
"2090",2090,0,6,10.3889799835841,0,0,0,1
"2091",2091,NA,4,9.52875773879718,1,0,0,NA
"2092",2092,1,0,11.5129204649577,0,1,1,0
"2093",2093,1,5,11.8493941301565,0,1,1,NA
"2094",2094,NA,6,11.8493941301565,1,0,1,NA
"2095",2095,NA,1,11.8493941301565,1,1,1,1
"2096",2096,-1,6,11.5129204649577,1,0,1,1
"2097",2097,-1,6,9.69581741805373,1,0,1,1
"2098",2098,NA,4,12.2060726455302,1,0,0,NA
"2099",2099,NA,5,10.3889799835841,1,0,0,0
"2100",2100,0,2,12.2060726455302,1,0,0,NA
"2101",2101,NA,5,NA,1,0,1,NA
"2102",2102,NA,4,11.8493941301565,0,1,1,NA
"2103",2103,1,3,11.1198754694258,0,0,0,NA
"2104",2104,NA,1,10.7144066575796,1,0,0,0
"2105",2105,1,2,11.6952428550888,0,0,1,1
"2106",2106,NA,5,10.9150793732642,0,0,1,NA
"2107",2107,NA,6,11.1198754694258,0,1,1,1
"2108",2108,-1,6,11.982929094216,1,0,0,NA
"2109",2109,0,5,12.2060726455302,1,1,1,1
"2110",2110,NA,5,10.9150793732642,0,0,1,1
"2111",2111,NA,3,9.52875773879718,1,0,0,NA
"2112",2112,-1,3,9.52875773879718,1,0,1,NA
"2113",2113,0,3,9.52875773879718,1,0,0,NA
"2114",2114,1,3,10.0753167566096,0,1,0,0
"2115",2115,0,1,10.9150793732642,1,0,0,0
"2116",2116,0,5,9.52875773879718,0,0,0,1
"2117",2117,0,3,9.52875773879718,1,0,0,NA
"2118",2118,0,5,NA,1,0,0,0
"2119",2119,0,3,9.32807896220044,1,0,1,NA
"2120",2120,0,4,11.3205475116983,1,0,1,1
"2121",2121,0,1,10.7144066575796,1,0,0,0
"2122",2122,0,5,10.0753167566096,1,0,1,1
"2123",2123,-1,5,10.5320828785363,0,0,0,1
"2124",2124,0,3,10.2219231016712,0,0,1,NA
"2125",2125,0,2,10.9150793732642,1,0,1,0
"2126",2126,-1,5,10.0753167566096,1,0,0,1
"2127",2127,-1,4,10.9150793732642,1,0,0,NA
"2128",2128,0,5,10.9150793732642,1,0,1,1
"2129",2129,0,1,10.2219231016712,1,1,1,0
"2130",2130,-1,1,10.7144066575796,0,0,1,NA
"2131",2131,0,1,11.8493941301565,0,0,1,0
"2132",2132,0,6,9.96408864466398,1,0,0,NA
"2133",2133,1,0,11.5129204649577,1,1,1,0
"2134",2134,0,4,11.1198754694258,0,1,1,1
"2135",2135,0,2,10.7144066575796,1,0,1,NA
"2136",2136,0,1,9.69581741805373,1,0,1,NA
"2137",2137,0,5,11.5129204649577,1,0,1,1
"2138",2138,0,6,11.3205475116983,1,1,1,1
"2139",2139,0,3,NA,1,0,1,NA
"2140",2140,-1,4,9.96408864466398,1,0,1,NA
"2141",2141,-1,2,10.7144066575796,1,0,1,NA
"2142",2142,0,3,11.1198754694258,1,0,1,NA
"2143",2143,1,5,10.7144066575796,0,0,1,1
"2144",2144,1,4,9.10492429921953,0,1,1,1
"2145",2145,0,NA,11.8493941301565,0,0,0,1
"2146",2146,1,0,10.0753167566096,0,0,0,0
"2147",2147,NA,1,NA,0,0,0,0
"2148",2148,-1,6,11.1198754694258,1,0,1,1
"2149",2149,-1,6,11.6952428550888,0,0,0,NA
"2150",2150,-1,4,NA,0,0,1,NA
"2151",2151,0,3,10.3889799835841,0,0,0,1
"2152",2152,NA,5,10.9150793732642,1,0,1,1
"2153",2153,1,3,10.2219231016712,1,0,0,NA
"2154",2154,1,1,11.3205475116983,1,0,1,NA
"2155",2155,-1,1,10.2219231016712,1,0,0,0
"2156",2156,1,0,10.3889799835841,0,1,0,NA
"2157",2157,0,0,12.2060726455302,0,0,0,0
"2158",2158,0,3,NA,0,0,0,1
"2159",2159,-1,3,6.21460809842219,1,0,0,NA
"2160",2160,0,5,10.7144066575796,1,0,0,1
"2161",2161,0,2,11.3205475116983,1,0,1,NA
"2162",2162,1,4,11.3205475116983,0,1,0,1
"2163",2163,1,4,11.1198754694258,0,0,1,1
"2164",2164,0,2,10.0753167566096,0,0,1,0
"2165",2165,1,2,10.2219231016712,1,0,0,NA
"2166",2166,-1,5,9.32807896220044,0,0,1,1
"2167",2167,0,1,10.9150793732642,0,0,0,NA
"2168",2168,0,4,11.1198754694258,1,0,0,NA
"2169",2169,0,4,11.5129204649577,1,0,1,1
"2170",2170,-1,4,10.9150793732642,1,1,0,1
"2171",2171,0,6,11.6952428550888,0,0,1,1
"2172",2172,1,0,12.2060726455302,1,0,0,1
"2173",2173,NA,6,11.5129204649577,0,0,0,1
"2174",2174,1,3,11.1198754694258,1,0,1,NA
"2175",2175,-1,1,10.7144066575796,1,0,0,NA
"2176",2176,0,0,9.83892236437633,1,0,0,NA
"2177",2177,-1,6,9.52875773879718,0,0,0,1
"2178",2178,0,0,9.96408864466398,1,0,0,1
"2179",2179,0,1,9.96408864466398,1,0,0,1
"2180",2180,0,5,10.2219231016712,0,0,1,NA
"2181",2181,0,1,10.5320828785363,1,0,1,1
"2182",2182,0,6,8.77948052984807,0,0,0,1
"2183",2183,-1,6,11.8493941301565,0,0,1,1
"2184",2184,-1,5,11.3205475116983,1,1,1,1
"2185",2185,-1,3,10.3889799835841,1,0,0,NA
"2186",2186,0,0,9.96408864466398,0,0,1,0
"2187",2187,1,3,10.7144066575796,1,0,0,1
"2188",2188,1,2,11.6952428550888,0,0,1,0
"2189",2189,1,3,11.3205475116983,0,0,1,NA
"2190",2190,1,2,11.3205475116983,1,1,1,0
"2191",2191,0,6,11.3205475116983,0,0,1,1
"2192",2192,1,0,11.5129204649577,0,1,1,0
"2193",2193,0,3,9.52875773879718,1,1,0,NA
"2194",2194,0,3,8.61241245799717,0,1,0,NA
"2195",2195,0,3,NA,1,0,0,NA
"2196",2196,0,3,9.32807896220044,1,0,0,NA
"2197",2197,0,NA,11.5129204649577,0,0,1,NA
"2198",2198,1,0,10.9150793732642,0,1,0,NA
"2199",2199,1,2,10.5320828785363,0,1,0,0
"2200",2200,0,4,9.32807896220044,1,0,0,1
"2201",2201,0,5,10.0753167566096,1,0,0,1
"2202",2202,0,1,11.1198754694258,1,0,0,1
"2203",2203,1,0,10.2219231016712,0,0,1,0
"2204",2204,1,3,9.69581741805373,1,0,0,NA
"2205",2205,0,4,11.3205475116983,0,0,1,NA
"2206",2206,1,3,11.982929094216,0,0,1,NA
"2207",2207,0,5,11.8493941301565,1,1,1,NA
"2208",2208,-1,6,9.10492429921953,0,0,0,1
"2209",2209,1,3,11.3205475116983,1,0,1,NA
"2210",2210,0,4,10.3889799835841,1,0,0,1
"2211",2211,0,1,11.3205475116983,1,1,1,1
"2212",2212,0,6,11.3205475116983,0,0,1,1
"2213",2213,-1,5,6.21460809842219,0,0,0,1
"2214",2214,0,2,6.21460809842219,0,0,0,NA
"2215",2215,0,6,10.7144066575796,0,0,0,1
"2216",2216,1,1,11.8493941301565,0,0,1,NA
"2217",2217,0,1,11.3205475116983,0,1,1,NA
"2218",2218,0,NA,9.10492429921953,1,0,0,NA
"2219",2219,0,3,10.7144066575796,0,0,1,1
"2220",2220,1,2,6.21460809842219,0,0,0,NA
"2221",2221,0,3,7.60065242828687,0,0,0,NA
"2222",2222,1,NA,9.52875773879718,0,1,NA,0
"2223",2223,-1,3,NA,0,0,1,NA
"2224",2224,0,4,10.9150793732642,0,0,0,NA
"2225",2225,1,5,10.0753167566096,1,1,1,NA
"2226",2226,1,2,10.5320828785363,0,1,0,NA
"2227",2227,0,4,11.1198754694258,1,0,1,NA
"2228",2228,1,4,10.5320828785363,0,0,0,NA
"2229",2229,0,1,10.2219231016712,0,0,0,NA
"2230",2230,1,2,10.9150793732642,1,0,1,NA
"2231",2231,0,4,10.5320828785363,1,1,1,NA
"2232",2232,1,0,10.9150793732642,1,0,0,0
"2233",2233,1,3,9.69581741805373,1,1,0,1
"2234",2234,0,0,6.21460809842219,0,0,0,NA
"2235",2235,0,3,10.9150793732642,1,0,1,NA
"2236",2236,0,6,10.0753167566096,0,0,0,1
"2237",2237,1,0,10.2219231016712,0,0,1,0
"2238",2238,1,1,10.5320828785363,1,0,1,0
"2239",2239,0,5,9.32807896220044,0,0,0,1
"2240",2240,-1,1,10.7144066575796,1,0,1,1
"2241",2241,1,4,7.60065242828687,1,0,0,NA
"2242",2242,0,5,11.3205475116983,1,0,1,1
"2243",2243,0,4,11.1198754694258,0,0,0,1
"2244",2244,0,1,NA,0,0,0,0
"2245",2245,0,1,9.96408864466398,1,0,0,1
"2246",2246,0,6,10.3889799835841,1,0,1,1
"2247",2247,0,5,NA,1,0,0,1
"2248",2248,0,1,11.6952428550888,0,0,1,1
"2249",2249,0,3,10.9150793732642,1,0,1,NA
"2250",2250,-1,0,10.7144066575796,1,0,0,0
"2251",2251,0,0,10.9150793732642,0,0,1,0
"2252",2252,-1,5,11.5129204649577,1,1,1,NA
"2253",2253,0,3,10.9150793732642,1,0,0,NA
"2254",2254,0,6,10.2219231016712,0,0,0,1
"2255",2255,0,5,10.0753167566096,1,0,1,1
"2256",2256,0,2,10.5320828785363,1,0,0,0
"2257",2257,0,5,9.52875773879718,0,0,0,NA
"2258",2258,0,0,NA,0,0,1,1
"2259",2259,-1,0,6.21460809842219,0,0,0,0
"2260",2260,-1,3,10.5320828785363,1,0,1,NA
"2261",2261,0,2,11.6952428550888,1,1,0,0
"2262",2262,-1,3,10.0753167566096,1,0,0,NA
"2263",2263,0,2,8.61241245799717,0,0,0,NA
"2264",2264,0,5,8.16037538012959,1,0,0,0
"2265",2265,0,0,6.21460809842219,1,0,0,NA
"2266",2266,0,0,6.21460809842219,0,0,1,0
"2267",2267,0,4,9.69581741805373,0,0,1,1
"2268",2268,-1,6,10.2219231016712,0,0,1,NA
"2269",2269,1,3,9.10492429921953,1,0,0,NA
"2270",2270,0,0,11.3205475116983,0,0,0,0
"2271",2271,1,2,NA,1,0,0,NA
"2272",2272,0,3,10.7144066575796,1,0,1,NA
"2273",2273,0,0,11.3205475116983,1,0,1,0
"2274",2274,0,1,9.10492429921953,1,0,0,0
"2275",2275,0,5,11.982929094216,1,0,1,1
"2276",2276,0,2,11.5129204649577,0,0,1,NA
"2277",2277,-1,5,6.21460809842219,1,0,0,NA
"2278",2278,0,4,10.0753167566096,0,0,0,1
"2279",2279,-1,6,10.0753167566096,1,1,0,1
"2280",2280,0,NA,10.9150793732642,1,0,1,NA
"2281",2281,0,3,10.7144066575796,1,0,0,1
"2282",2282,-1,3,6.21460809842219,0,0,0,NA
"2283",2283,0,1,9.32807896220044,1,0,0,0
"2284",2284,-1,3,11.3205475116983,1,0,1,NA
"2285",2285,0,5,10.0753167566096,0,0,1,NA
"2286",2286,0,3,11.3205475116983,1,0,1,1
"2287",2287,0,0,10.7144066575796,0,0,0,NA
"2288",2288,-1,5,9.52875773879718,0,0,1,1
"2289",2289,0,0,6.21460809842219,1,0,0,NA
"2290",2290,0,3,9.32807896220044,1,0,0,0
"2291",2291,-1,3,9.32807896220044,1,0,0,NA
"2292",2292,0,1,8.77948052984807,1,0,0,0
"2293",2293,-1,1,9.32807896220044,0,0,0,NA
"2294",2294,-1,0,9.32807896220044,1,0,0,0
"2295",2295,0,4,7.60065242828687,1,0,0,NA
"2296",2296,-1,0,9.52875773879718,1,0,0,0
"2297",2297,0,2,10.2219231016712,0,0,0,NA
"2298",2298,0,0,9.10492429921953,1,0,0,NA
"2299",2299,1,3,8.16037538012959,0,0,0,NA
"2300",2300,0,1,8.411721558474,0,0,1,0
"2301",2301,1,0,9.32807896220044,0,0,1,0
"2302",2302,0,0,10.0753167566096,1,0,1,NA
"2303",2303,-1,4,9.10492429921953,1,0,0,NA
"2304",2304,0,5,9.10492429921953,0,0,0,NA
"2305",2305,0,1,11.3205475116983,0,0,0,NA
"2306",2306,1,NA,11.1198754694258,0,0,1,NA
"2307",2307,0,3,11.1198754694258,1,0,1,NA
"2308",2308,0,4,9.96408864466398,0,0,0,0
"2309",2309,0,1,6.21460809842219,1,0,0,NA
"2310",2310,0,2,10.9150793732642,0,0,0,NA
"2311",2311,1,5,11.8493941301565,0,0,1,1
"2312",2312,-1,5,10.3889799835841,1,0,0,NA
"2313",2313,-1,3,10.9150793732642,1,0,1,NA
"2314",2314,-1,4,8.92259163063542,1,0,0,1
"2315",2315,-1,NA,10.5320828785363,0,0,0,1
"2316",2316,0,3,NA,0,0,1,NA
"2317",2317,0,5,11.6952428550888,0,1,1,1
"2318",2318,1,0,11.3205475116983,1,1,1,0
"2319",2319,0,3,10.9150793732642,1,0,0,NA
"2320",2320,0,0,NA,0,0,1,0
"2321",2321,0,3,10.7144066575796,0,0,0,NA
"2322",2322,0,5,11.3205475116983,0,1,1,1
"2323",2323,1,5,11.5129204649577,1,0,1,1
"2324",2324,1,2,11.1198754694258,1,1,1,0
"2325",2325,0,3,NA,1,0,0,0
"2326",2326,1,2,11.5129204649577,1,1,0,NA
"2327",2327,0,4,11.3205475116983,0,0,0,1
"2328",2328,1,2,7.60065242828687,0,1,0,0
"2329",2329,0,6,11.5129204649577,0,1,0,NA
"2330",2330,1,2,10.9150793732642,1,0,0,NA
"2331",2331,0,2,11.6952428550888,0,0,1,NA
"2332",2332,1,2,9.96408864466398,1,0,0,1
"2333",2333,0,2,12.2060726455302,1,1,1,NA
"2334",2334,1,2,11.982929094216,0,1,1,0
"2335",2335,0,2,10.5320828785363,1,1,0,0
"2336",2336,1,2,11.5129204649577,1,1,1,0
"2337",2337,0,4,10.5320828785363,1,1,0,NA
"2338",2338,1,6,NA,1,0,0,NA
"2339",2339,0,6,9.83892236437633,1,0,0,1
"2340",2340,1,3,10.9150793732642,1,0,1,NA
"2341",2341,NA,4,NA,0,0,0,NA
"2342",2342,1,6,9.10492429921953,1,0,0,1
"2343",2343,-1,5,9.69581741805373,0,0,0,NA
"2344",2344,0,3,NA,1,0,0,NA
"2345",2345,0,5,10.3889799835841,1,0,1,1
"2346",2346,0,3,11.5129204649577,1,0,1,NA
"2347",2347,1,4,10.9150793732642,0,0,1,1
"2348",2348,0,3,NA,1,0,0,NA
